IEDB,Epitope,MHC allele names,MHC allele class
10112,DSFKEELDKY,HLA-A*26:01/HLA-A*29:02/HLA-A*30:02/HLA-A*01:01,I
10418,DTLYLTQDLFLPFYS,HLA-DRB1*01:01,II
10965,DYSVLYNSTF,HLA-A*24:02/HLA-A*23:01/HLA-A*26:01/HLA-A*29:02,I
10977,DYVVVHGYF,HLA-A*23:01/HLA-A*24:02/HLA-A*29:02/HLA-A*01:01/HLA-A*26:01,I
10998,EAAVKPLLAPHHVVA,HLA-DRB1*01:01,II
11173,EAQFLYLYALIYFLQ,HLA-DRB1*01:01,II
11231,ECANLLLQY,HLA-A*29:02/HLA-A*26:01/HLA-A*30:02,I
11384,EDLLFNKVTLADAGF,HLA-DRB1*01:01,II
11764,EELPDEFVV,HLA-B*45:01/HLA-B*18:01/HLA-B*40:01/HLA-B*40:02/HLA-B*44:03,I
117791,DLPSGFNTL,HLA-A*02:01,I
1220,AEVQIDRLI,HLA-B*40:02/HLA-B*44:02/HLA-B*44:03/HLA-B*45:01,I
1221,AEVQIDRLIT,HLA-B*40:02/HLA-B*44:03/HLA-B*45:01/HLA-B*40:01/HLA-B*44:02,I
1228,AEVVKLPSRY,HLA-B*44:02/HLA-B*44:03/HLA-B*18:01,I
12503,EILIIIMRTFRIAIW,HLA-DRB1*01:01,II
125100,ILLNKHID,HLA-A*02:01,I
12967,ELCDNPFFA,HLA-A*02:01,I
13278,ELSPRWYFY,HLA-A*26:01/HLA-A*29:02/HLA-A*30:02,I
13279,ELSPRWYFYY,HLA-A*26:01/HLA-A*29:02/HLA-A*01:01/HLA-A*30:02,I
13308,ELVIGAVIIRGHLRM,HLA-DRB1*01:01,II
13344,ELYSPLFLI,HLA-A*02:01/HLA-A*02:02/HLA-A*02:03/HLA-A*68:02/HLA-A*02:06,I
1349,AFLLFLVLI,HLA-A*26:01/HLA-A*01:01/HLA-A*23:01/HLA-A*29:02,I
1350,AFLLFLVLIMLIIFW,HLA-DRB1*01:01,II
1358,AFNCTFEYI,HLA-A*26:01/HLA-A*29:02/HLA-A*01:01/HLA-A*30:02,I
1378,AFQHQNSKK,HLA-A*11:01/HLA-A*31:01/HLA-A*68:01,I
1384,AFRDVLVVL,HLA-A*23:01,I
1398,AFSLDVSEK,HLA-A*11:01,I
14045,ERNFTTAPAICHEGK,HLA-DRB1*01:01,II
14142,ESELVIGAVIIRGHL,HLA-DRB1*01:01,II
1419,AFVVFLLVTLAILTA,HLA-DRB1*01:01,II
14630,EVAVLYQDVNCTDVS,HLA-DRB1*01:01,II
14829,EVMPVSMAK,HLA-A*11:01/HLA-A*68:01/HLA-A*68:23/HLA-A*03:01/HLA-A*32:15/HLA-A*33:01/HLA-A*69:01/HLA-B*07:02/HLA-B*15:42/HLA-B*45:06/HLA-C*04:01,I
14941,EWLAEVVKLPSRYCC,HLA-DRB1*01:01,II
15149,FADINGKLY,HLA-A*01:01/HLA-A*29:02/HLA-C*08:02/HLA-A*26:01/HLA-A*30:02/HLA-B*15:01/HLA-B*58:01,I
15372,FDDVQAPNY,HLA-A*29:02/HLA-A*30:02,I
15552,FEIDKGIYQT,HLA-B*40:02/HLA-B*40:01/HLA-B*45:01,I
15581,FELCDNPFF,HLA-B*40:01/HLA-B*44:02/HLA-B*18:01/HLA-B*40:02/HLA-B*44:03,I
15584,FELLNAPAT,HLA-B*40:02/HLA-B*18:01/HLA-B*45:01/HLA-B*40:01,I
15585,FELLNAPATVCGPKL,HLA-DRB1*01:01,II
15628,FERDISNVPF,HLA-B*18:01/HLA-B*40:01/HLA-B*40:02/HLA-B*44:02/HLA-B*44:03,I
156949,RFFTLGSITAQPVKI,HLA-B*58:01/HLA class I/HLA class II,I
15771,FEYISDAFSL,HLA-B*40:01/HLA-B*18:01/HLA-B*40:02/HLA-B*44:02/HLA-B*44:03,I
15923,FFTLGSITAQPVKID,HLA-DRB1*01:01,II
1597,AGLIAIVMVTILLCC,HLA-DRB1*01:01,II
16080,FGWLVIGVAFLAVFQ,HLA-DRB1*01:01,II
16125,FHLVDFQVTIAEILI,HLA-DRB1*01:01,II
16156,FIAGLIAIV,HLA-A*02:01/HLA-A*02:02/HLA-A*02:03/HLA-A*02:06/HLA-A*68:02/HLA-A2,I
16169,FICNLLLLFV,HLA-A*02:01/HLA-A*02:02/HLA-A*02:03/HLA-A*02:06/HLA-A*68:02,I
16194,FIFLLFLTL,HLA-A*02:01/HLA-A*02:02/HLA-A*02:03/HLA-A*02:06/HLA-A*68:02,I
16195,FIFLLFLTLTSGSDL,HLA-DRB1*01:01,II
16350,FKCYGVSATKLNDLC,HLA-DRB1*01:01,II
16498,FLAFLLFLV,HLA-A*02:01/HLA-A*02:02/HLA-A*02:06/HLA-A*02:03/HLA-A*68:02,I
16499,FLAFLLFLVL,HLA-A*02:01/HLA-A*02:02/HLA-A*02:03/HLA-A*02:06/HLA-A*68:02,I
16500,FLAFLLFLVLIMLII,HLA-DRB1*01:01,II
16501,FLAFVVFLL,HLA-A*02:01/HLA-A*02:02/HLA-A*02:06/HLA-A*02:03/HLA-A*68:02,I
16502,FLAFVVFLLV,HLA-A*02:02/HLA-A*02:01/HLA-A*02:03/HLA-A*02:06/HLA-A*68:02,I
16503,FLAFVVFLLVTLAIL,HLA-DRB1*01:01,II
16510,FLAHLQWFA,HLA-A*02:01/HLA-A*02:02/HLA-A*02:03/HLA-A*02:06/HLA-A*68:02,I
16518,FLARAIVFV,HLA-A*02:01/HLA-A*02:02/HLA-A*02:03/HLA-A*02:06/HLA-A*68:02,I
16527,FLAVFQSAT,HLA-A*02:01/HLA-A*02:02/HLA-A*02:03/HLA-A*02:06/HLA-A*68:02,I
16528,FLAVFQSATK,HLA-A*03:01/HLA-A*68:01/HLA-A*11:01,I
16537,FLCLFLLPSL,HLA-A*02:01/HLA-A*02:02/HLA-A*02:03/HLA-A*02:06/HLA-A*68:02,I
16593,FLFLAWIML,HLA-A*02:01/HLA-A*02:02/HLA-A*02:03/HLA-A*02:06/HLA-A*68:02,I
16594,FLFLAWIMLL,HLA-A*02:02/HLA-A*02:01/HLA-A*02:03/HLA-A*02:06,I
16595,FLFLAWIMLLQFAYS,HLA-DRB1*01:01,II
16632,FLGRYMSAL,HLA-A*02:01/HLA-A*02:02/HLA-A*02:03/HLA-A*02:06,I
16658,FLILCFTIKR,HLA-A*68:01/HLA-A*03:01/HLA-A*31:01/HLA-A*33:01/HLA-A*11:01,I
16675,FLITGVFDI,HLA-A*02:01/HLA-A*02:02/HLA-A*02:03/HLA-A*02:06/HLA-A*68:02,I
16676,FLIVAALVFL,HLA-A*02:01/HLA-A*02:02/HLA-A*02:06/HLA-A*02:03/HLA-A*68:02,I
16687,FLKEQHCQK,HLA-A*03:01/HLA-A*31:01/HLA-A*33:01/HLA-A*68:01,I
16716,FLLFLVLIM,HLA-A*02:01/HLA-A*02:02/HLA-A*02:06/HLA-A*68:02,I
16717,FLLFLVLIML,HLA-A*02:01/HLA-A*02:02/HLA-A*02:03/HLA-A*02:06,I
16718,FLLFLVLIMLIIFWF,HLA-DRB1*01:01,II
16737,FLLNKEMYL,HLA-A*02:01/HLA-A*02:02/HLA-A*02:03/HLA-A*02:06,I
16743,FLLPSLATV,HLA-A*02:01/HLA-A*02:02/HLA-A*02:03/HLA-A*02:06/HLA-A*68:02,I
16762,FLLVTLAIL,HLA-A*02:01/HLA-A*02:02/HLA-A*02:03/HLA-A*02:06/HLA-A*68:02,I
16763,FLLVTLAILTALRLC,HLA-DRB1*01:01,II
16775,FLMSFTILCL,HLA-A*02:01/HLA-A*02:02/HLA-A*02:03/HLA-A*02:06,I
16779,FLNGSCGSV,HLA-A*02:01/HLA-A*02:02/HLA-A*02:03/HLA-A*02:06/HLA-A*68:02,I
16786,FLNRFTTTL,HLA-A*02:01/HLA-A*02:02/HLA-A*02:03/HLA-A*02:06/HLA-A*68:02,I
16820,FLPRVFSAV,HLA-A*02:02/HLA-A*02:06/HLA-A*02:01/HLA-A*02:03/HLA-A*68:02,I
16919,FLTNKLLLFA,HLA-A*02:01/HLA-A*02:02/HLA-A*02:03/HLA-A*02:06,I
16928,FLTSLLILV,HLA-A*02:01/HLA-A*02:02/HLA-A*02:03/HLA-A*02:06/HLA-A*68:02,I
16953,FLVLIMLII,HLA-A*02:01/HLA-A*02:02/HLA-A*02:06/HLA-A*68:02,I
16954,FLVLIMLIIFWFSLE,HLA-DRB1*01:01,II
16972,FLWLLWPVT,HLA-A*02:01/HLA-A*02:02/HLA-A*02:03/HLA-A*02:06/HLA-A*68:02,I
16973,FLWLLWPVTL,HLA-A*02:01/HLA-A*02:02/HLA-A*02:03/HLA-A*02:06,I
16974,FLWLLWPVTLACFVL,HLA-DRB1*01:01,II
16998,FLYIIKLVFL,HLA-A*02:01/HLA-A*02:02/HLA-A*02:03/HLA-A*02:06,I
17036,FMGRIRSVY,HLA-B*15:01,I
17061,FMMSRRRLL,HLA-A*23:01/HLA-A*24:02/HLA-A*29:02,I
17091,FMRFFTLGSI,HLA-A*02:02/HLA-A*02:03/HLA-A*02:01/HLA-A*02:06/HLA-A*68:02,I
17092,FMRFFTLGSITAQPV,HLA-DRB1*01:01,II
17131,FNATKFPSVY,HLA-A*29:02/HLA-A*30:02,I
17153,FNGLTGTGVLTPSSK,HLA-DRB1*01:01,II
17154,FNGLTVLPPLLTDDM,HLA-DRB1*01:01,II
17186,FNKLVKDPPNVQIHT,HLA-DRB1*01:01,II
173,AAGMEAQFLYLYALI,HLA-DRB1*01:01,II
17341,FPNITNLCPF,HLA-B*35:01/HLA-B*51:01/HLA-B*53:01/HLA-B*07:02/HLA-B*54:01,I
17354,FPPTSFGPL,HLA-B*07:02/HLA-A*69:01/HLA-B*51:01/HLA-C*14:02/HLA-A*11:01/HLA-B*15:42/HLA-B*35:01/HLA-B*45:06/HLA-B*54:01/HLA-C*04:01,I
17356,FPQAAPHGVV,HLA-B*54:01/HLA-B*07:02/HLA-B*51:01/HLA-B*35:01/HLA-B*53:01,I
17382,FPREGVFVF,HLA-B*07:02/HLA-B*35:01/HLA-B*51:01/HLA-B*53:01/HLA-B*08:01/HLA-B*54:01/HLA-A*02:01/HLA-B*15:01/HLA-C*07:02,I
17385,FPRGQGVPI,HLA-B*07:02/HLA-B*54:01/HLA-B*08:01/HLA-B*35:01/HLA-B*51:01/HLA-A*02:01/HLA-B*53:01,I
17475,FQFICNLLL,HLA-A*02:01/HLA-A*02:02/HLA-A*02:03/HLA-A*02:06,I
17476,FQFICNLLLL,HLA-A*02:01/HLA-A*02:02/HLA-A*02:06/HLA-A*02:03,I
17477,FQFICNLLLLFVTIY,HLA-DRB1*01:01,II
17561,FRAILTAFSPAQDIW,HLA-DRB1*01:01,II
17657,FRYMNSQGL,HLA-C*06:02,I
17816,FSQILPDPLKPTKRS,HLA-DRB1*01:01,II
17941,FTERSDKSY,HLA-A*01:01,I
17970,FTIAMWLLL,HLA-A*02:01/HLA-A*02:02/HLA-A*02:06/HLA-A*68:02/HLA-A*02:03,I
18000,FTLGIMAIA,HLA-A*02:01/HLA-A*02:02/HLA-A*02:03/HLA-A*02:06/HLA-A*68:02,I
18004,FTLLFQLCT,HLA-A*02:01/HLA-A*02:06/HLA-A*02:02/HLA-A*02:03/HLA-A*68:02,I
18021,FTNDVSFLA,HLA-A*02:01/HLA-A*02:02/HLA-A*02:03/HLA-A*02:06/HLA-A*68:02,I
18064,FTSCELYHY,HLA-A*01:01/HLA-A*29:02/HLA-A*30:02/HLA-A*26:01,I
18086,FTTSLSLHK,HLA-A*11:01/HLA-A*68:01/HLA-A*03:01/HLA-A*31:01/HLA-A*33:01,I
18103,FTYASALWEI,HLA-A*02:01/HLA-A*02:02/HLA-A*02:03/HLA-A*02:06/HLA-A*68:02,I
18122,FVASFRLFA,HLA-A*02:01/HLA-A*02:02/HLA-A*02:03/HLA-A*02:06/HLA-A*68:02,I
18123,FVASFRLFAR,HLA-A*11:01/HLA-A*31:01/HLA-A*33:01/HLA-A*68:01/HLA-A*03:01,I
18129,FVDEFYAYL,HLA-A*02:01/HLA-A*02:02/HLA-A*02:03/HLA-A*02:06/HLA-A*68:02,I
18133,FVDGVPFVV,HLA-A*02:01/HLA-A*02:02/HLA-A*02:06/HLA-A*02:03/HLA-A*68:02,I
18160,FVFNGTSWFI,HLA-A*02:01/HLA-A*02:02/HLA-A*02:03/HLA-A*02:06/HLA-A*68:02,I
18181,FVGYLKPTTFMLKYD,HLA-DRB1*01:01,II
18219,FVLAAVYRI,HLA-A*02:01/HLA-A*02:02/HLA-A*02:03/HLA-A*02:06/HLA-A*68:02,I
18309,FVTIYSHLL,HLA-A*02:01/HLA-A*02:02/HLA-A*02:06/HLA-A*02:03/HLA-A*68:02,I
18316,FVVFLLVTL,HLA-A*02:06/HLA-A*02:02/HLA-A*68:02/HLA-A*02:01/HLA-A*02:03,I
1834,AIAACAMLLV,HLA-A*02:01/HLA-A*02:02/HLA-A*02:03/HLA-A*02:06/HLA-A*68:02,I
18422,FYLCFLAFL,HLA-A*23:01/HLA-A*24:02,I
18423,FYLCFLAFLL,HLA-A*23:01/HLA-A*24:02/HLA-A*29:02,I
18477,FYTTTGIGY,HLA-A*01:01/HLA-A*26:01,I
18514,GAALQIPFAMQMAYR,HLA-DRB1*01:01,II
18566,GAEHVDTSY,HLA-A*01:01/HLA-A*26:01/HLA-A*29:02/HLA-A*30:02,I
18652,GALDVSASV,HLA-A*02:01/HLA-A*02:02/HLA-A*02:03/HLA-A*02:06/HLA-A*68:02,I
18813,GAVIIRGHLRMAGHP,HLA-DRB1*01:01,II
190494,MEVTPSGTWL,HLA-B*40:01,I
19299,GEILLLEWL,HLA-B*40:01/HLA-B*44:02/HLA-B*44:03/HLA-B*18:01/HLA-B*45:01,I
19300,GEILLLEWLA,HLA-B*40:01/HLA-B*45:01/HLA-B*44:03/HLA-B*18:01/HLA-B*44:02,I
193464,GMEVTPSGTWL,HLA-B*40:01,I
193498,LLLLDRLNQ,HLA-A*02:01,I
193521,PSGTWLTYH,HLA-B*40:01,I
193528,RFFTLGSIT,HLA-B*58:01,I
193529,RFFTLGSITA,HLA-B*58:01,I
19441,GETALALLL,HLA-B*40:01/HLA-B*40:02/HLA-B*44:02/HLA-B*44:03/HLA-B*45:01,I
19442,GETALALLLL,HLA-B*40:01/HLA-B*40:02/HLA-B*44:03/HLA-B*44:02/HLA-B*45:01,I
19443,GETALALLLLDRLNQ,HLA-A*02:01/HLA-A*02:07/HLA-B*40:01/HLA-B*46:01/-N/A-,I
19456,GEVFNATKF,HLA-B*40:01,I
1946,AIILASFSA,HLA-A*02:01/HLA-A*02:02/HLA-A*02:03/HLA-A*02:06/HLA-A*68:02,I
19488,GFAAYNRYR,HLA-A*31:01,I
19568,GFLFLAWIMLLQFAY,HLA-DRB1*01:01,II
19593,GFNTLKPIFK,HLA-A*03:01/HLA-A*11:01/HLA-A*31:01/HLA-A*68:01,I
19605,GFQFICNLLLLFVTI,HLA-DRB1*01:01,II
1964,AIKCVDIVK,HLA-A*11:01/HLA-A*03:01,I
20214,GIAIAMACIVGLMWL,HLA-DRB1*01:01,II
2027,AIMTRCLAV,HLA-A*02:01/HLA-A*02:03/HLA-A*02:06/HLA-A*02:02/HLA-A*68:02,I
20379,GINITNFRAILTAFS,HLA-DRB1*01:01,II
20907,GLIAIVMVTI,HLA-A*02:02/HLA-A*02:03/HLA-A*02:01/HLA-A*02:06/HLA-A*68:02,I
21041,GLMWLSYFV,HLA-A*02:01/HLA-A*02:02/HLA-A*02:03/HLA-A*02:06/HLA-A*68:02/HLA-A*69:01,I
21042,GLMWLSYFVA,HLA-A*02:01/HLA-A*02:02/HLA-A*02:03/HLA-A*02:06/HLA-A*68:02,I
21120,GLSDRVVFV,HLA-A*02:01/HLA-A*02:02/HLA-A*02:03/HLA-A*02:06/HLA-A*68:02,I
2114,AITTSNCAK,HLA-A*11:01/HLA-A*03:01,I
2121,AIVMVTILLCCMTSC,HLA-DRB1*01:01,II
21258,GMEAQFLYL,HLA-A*02:02/HLA-A*02:01/HLA-A*02:03/HLA-A*02:06,I
21259,GMEAQFLYLY,HLA-A*29:02/HLA-A*01:01/HLA-A*30:02,I
21292,GMKRSFYVY,HLA-B*15:01/HLA-A*30:02/HLA-A*29:02/HLA-A*31:01/HLA-A*03:01/HLA-B*27:05,I
21347,GMSRIGMEV,HLA-A*02:01,I
2142,AIYVFCISL,HLA-A*02:06/HLA-A*02:01/HLA-A*02:02/HLA-A*02:03,I
21584,GPDDQIGYY,HLA-A*30:02,I
21743,GPQSNQRSA,HLA-B*07:02,I
21878,GQGQNSADPK,HLA-A*11:01,I
21962,GQTGVIADY,HLA-B*15:01/HLA-B*27:05,I
21967,GQTVTKKSAAEASKK,HLA-DRB1*01:01,II
22144,GRLQSLQTY,HLA-B*27:05,I
22322,GSFCTQLNR,HLA-A*11:01/HLA-A*31:01/HLA-A*68:01/HLA-A*03:01,I
22631,GTDSGFAAY,HLA-A*01:01/HLA-A*11:01/HLA-A*03:01/HLA-A*30:02/HLA-A*29:02/HLA-A*26:01,I
22670,GTGPEASLPY,HLA-A*01:01/HLA-A*26:01/HLA-A*29:02/HLA-A*30:02,I
22680,GTGVLTPSSKRFQPF,HLA-DRB1*01:01,II
22741,GTLIVNSVLLFLAFV,HLA-DRB1*01:01,II
22749,GTLSYDNLK,HLA-A*11:01/HLA-A*03:01,I
22808,GTSAAAYFV,HLA-A*02:02/HLA-A*68:02/HLA-A*02:01/HLA-A*02:03/HLA-A*02:06,I
22848,GTSWFITQR,HLA-A*11:01/HLA-A*31:01/HLA-A*68:01/HLA-A*03:01/HLA-A*33:01,I
22856,GTTLPKGFY,HLA-A*30:02/HLA-A*29:02/HLA-A*26:01,I
22887,GTWLTYHGAIKLDDK,HLA-DRB1*01:01,II
22916,GVAMPNLYK,HLA-A*03:01/HLA-A*11:01/HLA-A*68:01/HLA-A*31:01,I
22975,GVFVFNGTSWFITQR,HLA-DRB1*01:01,II
22994,GVIADYNYK,HLA-A*03:01/HLA-A*11:01/HLA-A*31:01/HLA-A*68:01/HLA-A*33:01,I
23158,GVSVITPGTNASSEV,HLA-DRB1*01:01,II
231893,FPQAAPHGV,HLA-B*07:02/HLA-B*35:01,I
23200,GVVFLHVTY,HLA-A*11:01,I
23215,GVYDYLVST,HLA-A*02:06/HLA-A*02:01/HLA-A*02:02/HLA-A*02:03,I
23236,GVYYPDEIFR,HLA-A*68:01/HLA-A*11:01/HLA-A*31:01/HLA-A*03:01/HLA-A*33:01,I
23293,GWTFGAGAALQIPFA,HLA-DRB1*01:01,II
23400,GYLKPTTFM,HLA-A*23:01/HLA-A*29:02,I
23401,GYLKPTTFML,HLA-A*23:01/HLA-A*24:02/HLA-A*29:02,I
23436,GYQPYRVVVL,HLA-A*23:01/HLA-A*24:02/HLA-A*29:02,I
23519,HADQLTPAW,HLA-B*58:01/HLA-B*35:01,I
23533,HAFLCLFLL,HLA-A*02:01/HLA-A*02:02/HLA-A*02:03/HLA-A*02:06/HLA-A*68:02,I
23680,HEGHQTAAF,HLA-B*18:01/HLA-B*40:01/HLA-B*40:02/HLA-B*44:02/HLA-B*44:03,I
24109,HITVSQIQLSLLKVT,HLA-DRB1*01:01,II
24139,HKLLQTLVLKMLHSS,HLA-DRB1*01:01,II
24181,HLDGEVLSL,HLA-A*02:01/HLA-A*02:02/HLA-A*02:03/HLA-A*02:06,I
24247,HLLLVAAGMEAQFLY,HLA-DRB1*01:01,II
24293,HLRMAGHPLGRCDIK,HLA-DRB1*01:01,II
2431,ALALLLLDR,HLA-A*03:01,I
24313,HLVDFQVTI,HLA-A*02:01/HLA-A*02:02/HLA-A*02:03/HLA-A*02:06/HLA-A*68:02,I
24466,HPLADNKFAL,HLA-B*07:02/HLA-B*35:01/HLA-B*51:01/HLA-B*53:01,I
24472,HPLSHFVNL,HLA-B*35:01/HLA-B*07:02/HLA-B*53:01/HLA-A*69:01/HLA-B*51:01/HLA-B*08:01/HLA-B*54:01,I
24599,HQNSKKTTK,HLA-A*03:01/HLA-A*11:01/HLA-A*31:01,I
2464,ALCTLLHLHR,HLA-A*03:01/HLA-A*11:01/HLA-A*31:01/HLA-A*33:01/HLA-A*68:01,I
2471,ALDGVLSTFV,HLA-A*02:01/HLA-A*02:02/HLA-A*02:03/HLA-A*02:06,I
24929,HTLESPVEF,HLA-B*35:01/HLA-B*58:01/HLA-A*31:01/HLA-B*15:01,I
24976,HTSSMRGVY,HLA-A*26:01/HLA-A*29:02/HLA-A*30:02/HLA-A*01:01,I
24977,HTSSMRGVYY,HLA-A*29:02/HLA-A*30:02/HLA-A*01:01/HLA-A*26:01,I
25216,IAACAMLLV,HLA-A*02:02/HLA-A*02:03/HLA-A*02:06/HLA-A*68:02/HLA-A*02:01,I
25236,IAAYTAALVSGTATA,HLA-DRB1*01:01,II
25255,IAEILIIIMRTFRIA,HLA-DRB1*01:01,II
25292,IAGLIAIVMVTILLC,HLA-DRB1*01:01,II
25356,IAMWLLLLSI,HLA-A*02:01/HLA-A*02:02/HLA-A*02:06/HLA-A*02:03,I
25540,IDATSTGNY,HLA-A*29:02/HLA-A*01:01/HLA-A*26:01,I
25542,IDAYKTFPPTEPKKD,HLA-DRB1*01:01,II
25571,IDFYLCFLAF,HLA-B*44:02/HLA-B*44:03/HLA-B*45:01/HLA-B*18:01/HLA-B*40:01,I
25662,IDRLITGRLQSLQTY,HLA-DRB1*01:01,II
25754,IEDLLFNKVTLADAG,HLA-DRB1*01:01,II
25903,IENATFFIF,HLA-B*18:01/HLA-B*40:01/HLA-B*40:02/HLA-B*44:02/HLA-B*44:03/HLA-B*45:01,I
2607,ALHLVDPQIQLTITR,HLA-DRB1*01:01,II
2618,ALIARCWYL,HLA-A*02:01/HLA-A*02:02/HLA-A*02:03/HLA-A*02:06/HLA-A*68:02,I
26198,IGAGICASY,HLA-A*29:02/HLA-A*30:02,I
26224,IGFLFLAWIMLLQFA,HLA-DRB1*01:01,II
26273,IGMEVTPSGTWLTYH,HLA-B*40:01/HLA class I,I
2643,ALIRATSTR,HLA-A*03:01/HLA-A*31:01/HLA-A*68:01/HLA-A*11:01,I
26493,IIFWFSLEI,HLA-A*02:01/HLA-A*02:02/HLA-A*02:06/HLA-A*02:03/HLA-A*68:02,I
2652,ALIYFLQCI,HLA-A*02:01/HLA-A*02:02/HLA-A*02:03/HLA-A*02:06/HLA-A*68:02,I
26571,IILFLTLIVFTSCEL,HLA-DRB1*01:01,II
26597,IIMRCWLCWK,HLA-A*03:01/HLA-A*11:01/HLA-A*31:01/HLA-A*68:01/HLA-A*33:01,I
26710,IITTDNTFV,HLA-A*02:01,I
26759,IKDLPKEITVATSRT,HLA-DRB1*01:01,II
2682,ALLADKFPV,HLA-A*02:01/HLA-A*02:02/HLA-A*02:06/HLA-A*02:03,I
26846,IKLVFLWLLWPVTLA,HLA-DRB1*01:01,II
26973,ILASFSAST,HLA-A*02:01/HLA-A*02:02/HLA-A*02:03/HLA-A*02:06/HLA-A*68:02,I
26980,ILCFTIKRK,HLA-A*03:01,I
2703,ALLFLMSFT,HLA-A*02:01/HLA-A*02:06/HLA-A*02:02/HLA-A*02:03,I
2704,ALLFLMSFTI,HLA-A*02:01/HLA-A*02:02/HLA-A*02:06/HLA-A*02:03/HLA-A*68:02,I
27044,ILFLTLIVFT,HLA-A*02:01/HLA-A*02:02/HLA-A*02:03/HLA-A*02:06,I
27078,ILGLPTQTV,HLA-A*02:01/HLA-B*15:01,I
27083,ILGTVSWNL,HLA-A*02:01/HLA-B*58:01,I
27089,ILHCANFNV,HLA-A*02:01/HLA-A*02:02/HLA-A*02:03/HLA-A*02:06/HLA-A*68:02/HLA-A*69:01/HLA-A*31:01,I
27145,ILLAPLLSA,HLA-A*02:01/HLA-A*02:03/HLA-A*02:06/HLA-A*02:02/HLA-A*68:02,I
27146,ILLCCMTSC,HLA-A*02:01,I
27170,ILLLDQVLV,HLA-A*02:01/HLA-A*02:02/HLA-A*02:06/HLA-A*02:03/HLA-A*68:02,I
27182,ILLNKHIDA,HLA-A*02:01,I
27241,ILPDPLKPT,HLA-A*02:01,I
27286,ILRIGTQVLKTMSLY,HLA-DRB1*01:01,II
27292,ILRLGSQLSLSMARR,HLA-DRB1*01:01,II
27516,IMLIIFWFSL,HLA-A*02:01/HLA-A*02:02,I
27518,IMLLQFAYSNRNRFL,HLA-DRB1*01:01,II
27541,IMQVFFGYFA,HLA-A*02:01/HLA-A*02:06/HLA-A*02:02/HLA-A*02:03/HLA-A*68:02,I
27769,INWVTGGIAIAMACI,HLA-DRB1*01:01,II
27938,IPLQASLPF,HLA-B*07:02/HLA-B*35:01/HLA-B*51:01/HLA-B*53:01/HLA-B*54:01,I
2801,ALNTLVKQL,HLA-A*02:01,I
2802,ALNTPKDHI,HLA-A*02:01,I
28050,IPRRNVATL,HLA-B*07:02/HLA-A*02:01/HLA-B*35:01,I
28090,IPTNFSISI,HLA-B*35:01/HLA-B*53:01/HLA-B*54:01/HLA-B*07:02/HLA-B*51:01,I
28141,IQDLEEPCTK,HLA-A*11:01,I
28145,IQEIQLLAAVGEILL,HLA-DRB1*01:01,II
28152,IQFMMSRRR,HLA-A*31:01/HLA-A*03:01/HLA-A*11:01/HLA-A*33:01/HLA-A*68:01,I
28199,IQPGQTFSV,HLA-A*02:02/HLA-A*02:03/HLA-A*02:06/HLA-A*02:01/HLA-A*68:02,I
2836,ALQEAYYRA,HLA-A*02:01/HLA-A*02:02/HLA-A*02:03/HLA-A*02:06/HLA-A*68:02,I
28464,ISDYDYYRY,HLA-A*01:01/HLA-A*29:02/HLA-A*30:02,I
28511,ISGINASVVNIQKEI,HLA-DRB1*01:01,II
2855,ALRANSAVK,HLA-A*03:01/HLA-A*31:01/HLA-A*11:01,I
28752,ISTPKLKEDY,HLA-A*30:02,I
2880,ALSGVFCGV,HLA-A*02:01/HLA-A*02:02/HLA-A*02:03/HLA-A*02:06,I
28815,ITAIYVFCI,HLA-A*02:02/HLA-A*02:01/HLA-A*02:03/HLA-A*02:06/HLA-A*68:02,I
28843,ITCVVIPSK,HLA-A*11:01/HLA-A*03:01,I
29000,ITMTTVYHI,HLA-A*02:01/HLA-A*02:02/HLA-A*02:03/HLA-A*02:06/HLA-A*68:02,I
29008,ITNFRAILTAFSPAQ,HLA-DRB1*01:01,II
29191,IVAALVFLI,HLA-A*02:01/HLA-A*02:02/HLA-A*02:03/HLA-A*02:06/HLA-A*68:02,I
29237,IVDTVSALV,HLA-A*02:02/HLA-A*02:06/HLA-A*02:01/HLA-A*68:02/HLA-A*02:03,I
29377,IVNSVLLFL,HLA-A*02:02/HLA-A*02:06/HLA-A*02:01/HLA-A*02:03/HLA-A*68:02,I
29502,IVWVATEGA,HLA-A*02:01,I
29503,IVWVATEGALNTPKD,HLA-DRB1*01:01,II
2951,ALVCYIVMPV,HLA-A*02:01/HLA-A*02:02/HLA-A*02:03/HLA-A*02:06/HLA-A*68:02,I
29547,IWNLDVIISSIVRQL,HLA-DRB1*01:01,II
2956,ALVFLILCFT,HLA-A*02:01/HLA-A*02:02/HLA-A*02:06/HLA-A*02:03,I
2966,ALVLLILMTA,HLA-A*02:01/HLA-A*02:02/HLA-A*02:03/HLA-A*02:06,I
29687,IYSTGNNVF,HLA-A*23:01/HLA-A*24:02/HLA-A*29:02,I
2986,ALVSGTATA,HLA-A*02:02/HLA-A*02:03/HLA-A*02:01/HLA-A*02:06,I
2998,ALWEIQQVV,HLA-A*02:01/HLA-A*02:02/HLA-A*02:03/HLA-A*02:06/HLA-A*68:02/HLA-A*69:01/HLA-B*15:01,I
30097,KCYGVSATK,HLA-A*03:01/HLA-A*11:01/HLA-A*31:01,I
30285,KDYVVVHGYF,HLA-B*44:02/HLA-B*44:03/HLA-B*45:01,I
3029,ALYKGFQFI,HLA-A*02:01/HLA-A*02:02/HLA-A*02:03/HLA-A*02:06/HLA-A*68:02,I
30336,KEDYQIGGY,HLA-A*30:02,I
30402,KEGIVWVAT,HLA-B*40:02/HLA-B*45:01,I
30403,KEGIVWVATEGALNT,HLA-DRB1*01:01,II
30514,KELSPRWYF,HLA-B*40:02/HLA-B*44:02/HLA-B*44:03/HLA-B*18:01/HLA-B*40:01,I
30515,KELSPRWYFY,HLA-B*44:02/HLA-B*44:03/HLA-B*40:02/HLA-B*45:01,I
30554,KEPCPSGTY,HLA-B*15:01,I
306,AALVSGTATAGWTFG,HLA-DRB1*01:01,II
30867,KFTTSLSLHK,HLA-A*03:01/HLA-A*11:01/HLA-A*31:01/HLA-A*68:01,I
31274,KIILFLTLI,HLA-A*02:03/HLA-A*02:06/HLA-A*02:01/HLA-A*02:02/HLA-A*68:02,I
31275,KIILFLTLIVFTSCE,HLA-DRB1*01:01,II
31425,KISNCVADY,HLA-A*30:02/HLA-A*29:02,I
3179,AMQTMLFTM,HLA-A*02:01/HLA-A*02:02/HLA-A*02:06/HLA-A*02:03/HLA-A*68:02,I
31833,KLFAAETLK,HLA-A*03:01/HLA-A*11:01/HLA-A*31:01/HLA-A*68:01,I
31846,KLFIRQEEV,HLA-A*02:01/HLA-A*31:01/HLA-B*08:01,I
31867,KLFTIAMWL,HLA-A*02:01/HLA-A*02:02/HLA-A*02:03/HLA-A*02:06/HLA-A*68:02,I
31868,KLFTIAMWLL,HLA-A*02:01/HLA-A*02:02/HLA-A*02:06/HLA-A*02:03,I
31910,KLIEYSDFA,HLA-A*02:01/HLA-A*02:02/HLA-A*02:03/HLA-A*02:06/HLA-A*68:02,I
31979,KLLIVLTCI,HLA-A*02:01/HLA-A*02:02/HLA-A*02:06/HLA-A*02:03,I
31999,KLLQTLVLK,HLA-A*03:01/HLA-A*11:01/HLA-A*31:01,I
32020,KLMGHFSWWT,HLA-A*02:01/HLA-A*02:02/HLA-A*02:03/HLA-A*02:06/HLA-A*68:02,I
32027,KLMPICMDV,HLA-A*02:01/HLA-A*02:02/HLA-A*02:03/HLA-A*02:06/HLA-B*15:01,I
32036,KLNDLCFSNV,HLA-A*02:01,I
32060,KLNVGDYFV,HLA-A*02:01/HLA-A*02:02/HLA-A*02:03/HLA-A*02:06/HLA-A*68:02,I
32068,KLPDDFMGC,HLA-A*02:01,I
32069,KLPDDFMGCV,HLA-A*02:01,I
32082,KLPLGINITNFRAIL,HLA-DRB1*01:01,II
3212,AMWLLLLSI,HLA-A*02:01/HLA-A*02:02/HLA-A*02:03/HLA-A*02:06,I
32183,KLSYGIATV,HLA-A*02:01/HLA-A*02:02/HLA-A*02:03/HLA-A*02:06/HLA-A*68:02,I
32240,KLWAQCVQL,HLA-A*02:01/HLA-A*02:02/HLA-A*02:06/HLA-A*02:03/HLA-A*31:01/HLA-A*03:01,I
32339,KMKELSPRW,HLA-A*24:02/HLA-B*58:01/HLA-B*15:01,I
32390,KMQRMLLEK,HLA-A*03:01/HLA-A*11:01/HLA-A*31:01/HLA-A*68:01,I
32661,KPASRELSV,HLA-B*07:02/HLA-B*51:01,I
32793,KPLLAPHHVV,HLA-B*07:02,I
32794,KPLLAPHHVVAVIQE,HLA-DRB1*01:01,II
32911,KPTTFMLKY,HLA-B*35:01/HLA-B*53:01,I
32976,KQFDTYNLW,HLA-A*24:02/HLA-B*15:01/HLA-B*58:01/HLA-A*31:01,I
32992,KQIANQFNK,HLA-A*31:01/HLA-A*03:01/HLA-A*11:01,I
33038,KQMYKTPTLK,HLA-A*03:01/HLA-A*11:01/HLA-A*31:01,I
33039,KQMYKTPTLKYFGGF,HLA-DRB1*01:01,II
33105,KQYNVTQAF,HLA-A*24:02/HLA-B*15:01/HLA-C*14:02/HLA-A*31:01/HLA-B*46:01/HLA-B*27:05/HLA-B*58:01,I
33132,KRFQPFQQF,HLA-B*27:05,I
33230,KRVDWSVEY,HLA-C*07:02/HLA-B*27:05/HLA-B*15:01,I
33303,KSFEIDKGIY,HLA-A*30:02/HLA-A*01:01/HLA-A*29:02,I
33314,KSFNHVLKRK,HLA-A*03:01/HLA-A*11:01/HLA-A*31:01/HLA-A*68:01,I
33357,KSIVAYTMSLGADSS,HLA-DRB1*01:01,II
33394,KSKSFNHVLK,HLA-A*03:01/HLA-A*11:01/HLA-A*31:01/HLA-A*68:01,I
33572,KSYEHQTPF,HLA-B*15:01/HLA-B*46:01/HLA-C*03:03/HLA-C*12:03/HLA-C*14:02/HLA-C*15:02/HLA-B*35:01,I
33667,KTFPPTEPK,HLA-A*11:01/HLA-A*03:01/HLA-A*31:01/HLA-A*68:01,I
33668,KTFPPTEPKK,HLA-A*03:01/HLA-A*11:01/HLA-A*68:01/HLA-A*31:01,I
33873,KTSVDCNMY,HLA-A*30:02/HLA-A*01:01/HLA-A*29:02,I
3392,ANQFNKAISQIQESL,HLA-DRB1*01:01,II
34052,KVIQPRVEK,HLA-A*03:01/HLA-A*11:01,I
34702,LACFVLAAVYRINWV,HLA-DRB1*01:01,II
34763,LAFLLFLVLIMLIIF,HLA-DRB1*01:01,II
34767,LAFVVFLLV,HLA-A*02:02/HLA-A*02:06/HLA-A*02:01/HLA-A*02:03/HLA-A*68:02,I
34768,LAFVVFLLVTLAILT,HLA-DRB1*01:01,II
3478,APAICHEGKA,HLA-B*07:02/HLA-B*54:01,I
34851,LALLLLDRL,HLA-A*02:01,I
34877,LAMSTTISV,HLA-A*02:01/HLA-A*02:02/HLA-A*02:03/HLA-A*02:06/HLA-A*68:02,I
3492,APATVCGPKL,HLA-B*07:02,I
35038,LCALGKVLPFHRWHT,HLA-DRB1*01:01,II
35051,LCFLLTQKSKSFNHV,HLA-DRB1*01:01,II
35205,LDKYFKNHTSPDVDL,HLA-DRB1*01:01,II
35320,LDVIISSIVRQLFKP,HLA-DRB1*01:01,II
35671,LEQWNLVIGF,HLA-B*44:02/HLA-B*44:03/HLA-B*18:01/HLA-B*40:01/HLA-B*40:02/HLA-B*45:01,I
35754,LEWLAEVVKL,HLA-B*40:01/HLA-B*18:01,I
35789,LFAGTHITM,HLA-A*29:02/HLA-A*01:01/HLA-A*23:01/HLA-A*24:02/HLA-A*26:01,I
35797,LFARTRSMW,HLA-A*23:01/HLA-A*24:02,I
35885,LFLAFVVFL,HLA-A*01:01/HLA-A*23:01/HLA-A*26:01,I
35886,LFLAFVVFLL,HLA-A*26:01/HLA-A*01:01/HLA-A*23:01/HLA-A*29:02/HLA-A*30:02,I
3589,APHGVVFLHV,HLA-B*07:02/HLA-B*54:01/HLA-B*35:01/HLA-B*53:01,I
35892,LFLIVAALVF,HLA-A*23:01/HLA-A*24:02/HLA-A*01:01/HLA-A*26:01/HLA-A*29:02,I
3590,APHHVVAVI,HLA-B*07:02/HLA-B*53:01/HLA-B*54:01/HLA-B*35:01/HLA-B*51:01,I
3591,APHLLLIVI,HLA-B*07:02/HLA-B*53:01,I
35912,LFLVLIMLIIFWFSL,HLA-DRB1*01:01,II
36019,LFVTIYSHL,HLA-A*23:01/HLA-A*24:02/HLA-A*01:01/HLA-A*26:01/HLA-A*29:02,I
36050,LGADSSIAY,HLA-A*01:01/HLA-A*26:01/HLA-A*29:02/HLA-A*30:02,I
36075,LGDISGINASVVNIQ,HLA-DRB1*01:01,II
36103,LGFIAGLIAIVMVTI,HLA-DRB1*01:01,II
36320,LGSITAQPVKIDNAS,HLA-DRB1*01:01,II
36386,LHKLLQTLVLKMLHS,HLA-DRB1*01:01,II
36458,LIAIVMVTILLCCMT,HLA-DRB1*01:01,II
36464,LIANIFTPLV,HLA-A*02:01/HLA-A*02:02/HLA-A*02:03/HLA-A*02:06/HLA-A*68:02,I
36477,LIDFYLCFL,HLA-A*02:01/HLA-A*02:02/HLA-A*02:06/HLA-A*02:03/HLA-A*68:02,I
36481,LIDLQELGKY,HLA-A*30:02/HLA-A*01:01/HLA-A*26:01/HLA-A*29:02,I
36529,LIGANYLGK,HLA-A*03:01/HLA-A*11:01,I
36592,LILCFTIKR,HLA-A*11:01/HLA-A*03:01/HLA-A*68:01,I
36724,LITGRLQSL,HLA-A2/HLA-A*02:01,I
36738,LIVAALVFL,HLA-A*02:01/HLA-A*02:02/HLA-A*02:06/HLA-A*02:03/HLA-A*68:02,I
36752,LIVNSVLLFL,HLA-A*02:01/HLA-A*02:02/HLA-A*02:06/HLA-A*02:03/HLA-A*68:02,I
36839,LKEPCPSGTY,HLA-A*30:02/HLA-A*29:02,I
36990,LKPIFKLPLGINITN,HLA-DRB1*01:01,II
37037,LKTMSLYMAISPKFT,HLA-DRB1*01:01,II
37076,LLACLCKHKK,HLA-A*03:01/HLA-A*31:01/HLA-A*11:01/HLA-A*68:01,I
37099,LLALQQLEV,HLA-A*02:01/HLA-A*02:02/HLA-A*02:03/HLA-A*02:06/HLA-A*68:02/HLA-A*69:01/HLA-A*03:01/HLA-B*15:01,I
37144,LLDDFVEII,HLA-A*02:01/HLA-A*02:02/HLA-A*02:06/HLA-A*02:03,I
37235,LLEWLAEVVKLPSRY,HLA-DRB1*01:01,II
37270,LLFLAFVVFL,HLA-A*02:02/HLA-A*02:01/HLA-A*02:03/HLA-A*02:06/HLA-A*68:02,I
37277,LLFLMSFTI,HLA-A*02:01/HLA-A*02:03/HLA-A*02:02/HLA-A*02:06,I
37279,LLFLVLIML,HLA-A*02:01/HLA-A*02:02/HLA-A*02:03/HLA-A*02:06/HLA-A*68:02,I
37280,LLFLVLIMLI,HLA-A*02:02/HLA-A*02:01/HLA-A*02:03,I
37281,LLFLVLIMLIIFWFS,HLA-DRB1*01:01,II
37289,LLFNKVTLA,HLA-A*02:01/HLA-A*02:02/HLA-A*02:03/HLA-A*02:06/HLA-A*68:02,I
37294,LLFQLCTFT,HLA-A*02:02/HLA-A*02:03/HLA-A*02:06/HLA-A*02:01/HLA-A*68:02,I
37468,LLLDDFVEI,HLA-A*02:01/HLA-A*02:02/HLA-A*02:06/HLA-A*02:03,I
37473,LLLDRLNQL,HLA-A*02:01,I
37485,LLLEWLAEV,HLA-A*02:01/HLA-A*02:02/HLA-A*02:03/HLA-A*02:06/HLA-A*68:02,I
37486,LLLEWLAEVV,HLA-A*02:01/HLA-A*02:02/HLA-A*02:03/HLA-A*02:06,I
37493,LLLFVTIYSHLLLVA,HLA-DRB1*01:01,II
37515,LLLLDRLNQL,HLA-A*02:01,I
37544,LLLQYGSFC,HLA-A*02:01,I
37548,LLLSICLGSL,HLA-A*02:01/HLA-A*02:02/HLA-A*02:03/HLA-A*02:06,I
37583,LLMPILTLT,HLA-A*02:01/HLA-A*02:02/HLA-A*02:03/HLA-A*02:06/HLA-A*68:02,I
37724,LLQYGSFCT,HLA-A*02:01,I
37766,LLSAGIFGA,HLA-A*02:01/HLA-A*02:02/HLA-A*02:03/HLA-A*02:06/HLA-A*68:02,I
37845,LLTDDMIAA,HLA-A*02:01,I
37881,LLVAAGMEA,HLA-A*02:02/HLA-A*02:03/HLA-A*02:01/HLA-A*02:06,I
37932,LLVTLAILTA,HLA-A*02:01/HLA-A*02:02/HLA-A*02:03/HLA-A*02:06,I
37968,LLYDANYFV,HLA-A*02:01/HLA-A*02:02/HLA-A*02:03/HLA-A*02:06/HLA-A*68:02,I
37993,LMANLAPHL,HLA-A*29:02,I
37994,LMANLAPHLL,HLA-A*02:01/HLA-A*02:02/HLA-A*02:03/HLA-A*02:06/HLA-A*68:02,I
37998,LMCLSPLMANLAPHL,HLA-DRB1*01:01,II
38024,LMGHFSWWT,HLA-A*02:01/HLA-A*02:02/HLA-A*02:03/HLA-A*02:06,I
38025,LMGHFSWWTA,HLA-A*02:01/HLA-A*02:02/HLA-A*02:03/HLA-A*02:06/HLA-A*68:02,I
38043,LMIERFVSL,HLA-A*02:01/HLA-A*02:02/HLA-A*02:03/HLA-A*02:06/HLA-A*68:02,I
38065,LMLKATLLCV,HLA-A*02:01/HLA-A*02:02/HLA-A*02:03/HLA-A*02:06,I
3810,APSASAFFGM,HLA-B*07:02/HLA-B*35:01/HLA-B*51:01/HLA-B*53:01,I
38117,LMSFPQAAPHGVVFL,HLA-DRB1*01:01,II
38119,LMSFTILCL,HLA-A*02:01/HLA-A*02:02/HLA-A*02:03/HLA-A*02:06/HLA-A*68:02,I
38120,LMSFTILCLV,HLA-A*02:01/HLA-A*02:02/HLA-A*02:06/HLA-A*68:02/HLA-A*02:03,I
38153,LMWFIISIV,HLA-A*02:01/HLA-A*02:03/HLA-A*02:06/HLA-A*02:02,I
38156,LMWLSYFVA,HLA-A*02:01/HLA-A*02:06/HLA-A*02:02/HLA-A*02:03,I
38165,LMYKGLPWNV,HLA-A*02:01/HLA-A*02:02/HLA-A*02:03/HLA-A*02:06,I
38353,LNTLVKQLSSNFGAI,HLA-DRB1*01:01,II
38429,LPDDFMGCVL,HLA-B*07:02/HLA-B*35:01/HLA-B*51:01/HLA-B*53:01,I
38474,LPFHRWHTM,HLA-B*07:02/HLA-B*35:01/HLA-B*51:01/HLA-B*53:01/HLA-B*54:01,I
38475,LPFHRWHTMV,HLA-B*54:01/HLA-B*07:02/HLA-B*51:01,I
38489,LPFYSNVTGF,HLA-B*35:01/HLA-B*53:01/HLA-B*54:01/HLA-B*07:02/HLA-B*51:01,I
38621,LPPLLTDDMIAAYTA,HLA-DRB1*01:01,II
38831,LQDVVNQNAQALNTL,HLA-DRB1*01:01,II
38834,LQFAYSNRNR,HLA-A*31:01/HLA-A*03:01/HLA-A*11:01/HLA-A*33:01/HLA-A*68:01,I
38855,LQIPFAMQM,HLA-B*15:01/HLA-C*15:02/HLA-B*40:01/HLA-B*58:01,I
38874,LQLGFSTGV,HLA-A*02:01/HLA-A*02:02/HLA-A*02:03/HLA-A*02:06/HLA-A*68:02,I
38881,LQLPQGTTL,HLA-A*02:01,I
38925,LQNSMSGASADSTQA,-N/A-/HLA-DRB1*01:01,-N/A-
38986,LQSLENVAY,HLA-B*15:01/HLA-A*30:02,I
38990,LQSLQTYVTQQLIRA,HLA-DRB1*01:01,II
39003,LQTYVTQQLIRAAEI,HLA-DRB1*01:01,II
3922,APYMVGDVI,HLA-B*07:02/HLA-B*35:01/HLA-B*51:01/HLA-B*53:01,I
39277,LSALIRATSTRHPSK,HLA-DRB1*01:01,II
39302,LSDDAVVCY,HLA-A*01:01/HLA-B*15:01/HLA-B*58:01/HLA-B*35:01/HLA-A*29:02/HLA-A*30:02,I
3939,AQALNTLVK,HLA-A*11:01/HLA-A*03:01/HLA-A*31:01/HLA-A*68:01,I
39553,LSPLMANLAPHLLLI,HLA-DRB1*01:01,II
3956,AQFAPSASA,HLA-A*02:02/HLA-A*02:06/HLA-A*02:01/HLA-A*02:03,I
39576,LSPRWYFYY,HLA-A*01:01/HLA-A*29:02/HLA-A*30:02/HLA-A*11:01/HLA-A*23:01/HLA-A*24:02/HLA-A*31:01,I
3961,AQFLYLYAL,HLA-A*02:01/HLA-A*02:02/HLA-A*02:03/HLA-A*02:06,I
39775,LSYYKLGASQRVGTD,HLA-DRB1*01:01,II
39803,LTALRLCAY,HLA-A*01:01/HLA-A*29:02/HLA-A*30:02/HLA-A*26:01,I
3982,AQKFNGLTVLPPLLT,HLA-DRB1*01:01,II
39837,LTDDMIAAY,HLA-A*01:01/HLA-A*30:02/HLA-A*11:01/HLA-A*26:01/HLA-A*29:02/HLA-B*15:01,I
4008,AQMGTLLIA,HLA-A*02:01/HLA-A*02:03/HLA-A*02:06/HLA-A*02:02,I
40134,LTQDLFLPFY,HLA-A*01:01/HLA-A*30:02/HLA-A*26:01/HLA-A*29:02,I
4033,AQPLPQRQK,HLA-A*11:01/HLA-A*68:01,I
4034,AQPLPQRQKK,HLA-A*11:01,I
40341,LVFLILCFT,HLA-A*02:01/HLA-A*02:02/HLA-A*02:03/HLA-A*02:06,I
40342,LVFLILCFTIKRKTE,HLA-DRB1*01:01,II
40343,LVFLWLLWPV,HLA-A*02:01/HLA-A*02:02/HLA-A*02:03/HLA-A*02:06/HLA-A*68:02,I
4039,AQPVKIDNASPASTV,HLA-DRB1*01:01,II
40390,LVIGFLFLA,HLA-A*02:01/HLA-A*02:02/HLA-A*02:03/HLA-A*02:06/HLA-A*68:02,I
40391,LVIGVAFLA,HLA-A*02:01/HLA-A*02:02/HLA-A*02:03/HLA-A*02:06/HLA-A*68:02,I
40392,LVIGVAFLAV,HLA-A*02:03/HLA-A*02:06/HLA-A*02:01/HLA-A*68:02/HLA-A*02:02,I
40459,LVLSVNPYV,HLA-A*02:01/HLA-A*02:02/HLA-A*02:06/HLA-A*02:03/HLA-A*68:02,I
40612,LVTLAILTALRLCAY,HLA-DRB1*01:01,II
4066,AQSLCFLLTQKSKSF,HLA-DRB1*01:01,II
40677,LWLLWPVTL,HLA-A*23:01/HLA-A*24:02/HLA-A*29:02,I
40685,LWPVTLACF,HLA-A*23:01/HLA-A*24:02/HLA-A*29:02,I
40731,LYDANYFVCW,HLA-A*23:01/HLA-A*24:02/HLA-A*01:01/HLA-A*29:02,I
40797,LYIIKLVFL,HLA-A*23:01/HLA-A*24:02/HLA-A*01:01/HLA-A*29:02,I
40798,LYIIKLVFLW,HLA-A*23:01/HLA-A*24:02/HLA-A*26:01,I
40851,LYLYALIYF,HLA-A*23:01/HLA-A*24:02/HLA-A*29:02,I
40852,LYLYALIYFL,HLA-A*23:01/HLA-A*24:02/HLA-A*01:01/HLA-A*26:01/HLA-A*29:02,I
40855,LYMAISPKF,HLA-A*23:01/HLA-A*24:02/HLA-A*29:02/HLA-A*26:01/HLA-A*30:02,I
40884,LYNSTFFSTF,HLA-A*23:01/HLA-A*24:02/HLA-A*26:01/HLA-A*29:02/HLA-A*30:02,I
40989,LYVYKGYQPIDVVRD,HLA-DRB1*01:01,II
41014,MADNGTITVEELKQL,-N/A-/HLA-DRB1*01:01,-N/A-
41095,MANLAPHLLLIVIGH,HLA-DRB1*01:01,II
41125,MASLGPLRETYLMCL,HLA-DRB1*01:01,II
41170,MAVVHSVNSLVSSME,HLA-DRB1*01:01,II
41262,MDPNQTNVVPPALHL,HLA-DRB1*01:01,II
41300,MEAQFLYLY,HLA-B*15:01/HLA-B*40:01/HLA-A*29:02/HLA-A*30:02/HLA-B*18:01/HLA-B*44:02/HLA-B*44:03/HLA-B*45:01/HLA-A*01:01/HLA-A*26:01/HLA-B*40:02,I
41301,MEAQFLYLYA,HLA-B*44:03/HLA-B*45:01/HLA-B*18:01/HLA-B*40:02/HLA-B*44:02/HLA-B*40:01,I
41458,MEVQSLAMST,HLA-B*45:01/HLA-B*18:01/HLA-B*40:01/HLA-B*44:03,I
41503,MFIFLLFLTLTSGSD,HLA-DRB1*01:01,II
41683,MIAAYTAAL,HLA-A*02:01/HLA-A*02:02/HLA-A*02:03/HLA-A*02:06/HLA-A*68:02,I
41701,MIFDNAFNC,HLA-A*02:01,I
41829,MKIILFLTLIVFTSC,HLA-DRB1*01:01,II
41859,MKLLIVLTCISLCSC,HLA-DRB1*01:01,II
41939,MLFTKFFYL,HLA-A*02:01/HLA-A*02:02/HLA-A*02:03/HLA-A*02:06/HLA-A*68:02,I
41962,MLIIFWFSL,HLA-A*02:02/HLA-A*02:06/HLA-A*02:01,I
41983,MLKYDENGTITDAVD,HLA-DRB1*01:01,II
41997,MLLQFAYSNR,HLA-A*31:01/HLA-A*03:01/HLA-A*33:01/HLA-A*68:01/HLA-A*11:01,I
41999,MLLTFLTSL,HLA-A*02:01/HLA-A*02:02/HLA-A*02:03/HLA-A*02:06/HLA-A*68:02,I
42000,MLLTFLTSLL,HLA-A*02:01/HLA-A*02:02/HLA-A*02:03/HLA-A*02:06/HLA-A*68:02,I
42033,MLPPCYNFLK,HLA-A*03:01/HLA-A*11:01/HLA-A*68:01/HLA-A*31:01/HLA-A*33:01,I
42093,MLWCKDGHV,HLA-A*02:01/HLA-A*02:02/HLA-A*02:03/HLA-A*02:06/HLA-A*68:02,I
42128,MMISAGFSL,HLA-A*02:01/HLA-A*02:02/HLA-A*02:03/HLA-A*02:06/HLA-A*68:02,I
42260,MPASWVMRI,HLA-B*07:02/HLA-B*35:01,I
42421,MQVFFGYFA,HLA-A*02:01/HLA-A*02:02/HLA-A*02:06/HLA-A*68:02/HLA-A*02:03,I
42605,MSLYMAISPK,HLA-A*03:01/HLA-A*11:01/HLA-A*68:01/HLA-A*31:01/HLA-A*33:01,I
42606,MSLYMAISPKFTTSL,HLA-DRB1*01:01,II
42648,MSRIGMEVTPSGTWL,HLA-DRB1*01:01,II
42873,MTSCCSCLK,HLA-A*11:01/HLA-A*31:01/HLA-A*33:01/HLA-A*68:01/HLA-A*03:01,I
42972,MVMCGGSLYV,HLA-A*02:01/HLA-A*02:02/HLA-A*02:03/HLA-A*02:06/HLA-A*68:02,I
43014,MWLSYFVASF,HLA-A*23:01/HLA-A*24:02/HLA-A*29:02/HLA-A*26:01/HLA-A*01:01/HLA-A*30:02,I
43024,MWSFNPETNI,HLA-A*23:01/HLA-A*24:02,I
4307,ASAFFGMSR,HLA-A*31:01/HLA-A*11:01/HLA-A*68:01/HLA-A*03:01,I
43144,NAFNCTFEY,HLA-A*11:01/HLA-A*68:01/HLA-A*03:01/HLA-A*33:01,I
4321,ASANLAATK,HLA-A*11:01/HLA-A*03:01/HLA-A*68:01/HLA-A*31:01,I
43322,NATFFIFNK,HLA-A*68:01/HLA-A*03:01/HLA-A*11:01/HLA-A*33:01/HLA-A*31:01,I
43363,NCDVVIGIINNTVYD,HLA-DRB1*01:01,II
43687,NELTLIDFYL,HLA-B*40:01/HLA-B*40:02/HLA-B*44:02/HLA-B*44:03/HLA-B*18:01/HLA-B*45:01,I
43863,NFKHLREFVF,HLA-A*29:02/HLA-A*23:01/HLA-A*24:02,I
43876,NFLKEQHCQK,HLA-A*31:01/HLA-A*33:01,I
44170,NHTFGNPVIPFKDGI,HLA-DRB1*01:01,II
44197,NIDATSTGNY,HLA-A*01:01/HLA-A*26:01/HLA-A*30:02,I
44472,NKDGFLYVY,HLA-A*29:02/HLA-A*30:02,I
44501,NKHIDAYKTFPPTEP,HLA-DRB1*01:01,II
44651,NLAPHLLLI,HLA-A*02:01/HLA-A*02:02/HLA-A*02:03/HLA-A*02:06/HLA-A*68:02,I
44652,NLAPHLLLIV,HLA-A*02:02/HLA-A*02:03/HLA-A*02:01/HLA-A*02:06,I
44660,NLCTHSFRK,HLA-A*03:01,I
44681,NLDVIISSIVRQLFK,HLA-DRB1*01:01,II
44774,NLLDSYFVV,HLA-A*02:01/HLA-A*02:02/HLA-A*02:03/HLA-A*02:06/HLA-A*68:02,I
44782,NLLLLFVTI,HLA-A*02:01/HLA-A*02:02/HLA-A*02:06/HLA-A*02:03/HLA-A*68:02,I
44814,NLNESLIDL,HLA-A*02:01,I
44902,NLTLSKGNAQSLCFL,HLA-DRB1*01:01,II
44913,NLVIGFLFL,HLA-A*02:01/HLA-A*02:03/HLA-A*02:06/HLA-A*02:02/HLA-A*68:02,I
44914,NLVIGFLFLA,HLA-A*02:02/HLA-A*02:06/HLA-A*68:02/HLA-A*02:03/HLA-A*02:01,I
44927,NLWNTFTRL,HLA-A*02:01/HLA-A*02:02/HLA-A*02:03/HLA-A*02:06/HLA-A*68:02,I
45000,NMLRIMASL,HLA-A*02:02/HLA-A*02:03/HLA-A*02:06/HLA-A*02:01/HLA-A*68:02,I
4524,ASLGPLRETY,HLA-A*30:02/HLA-A*29:02,I
45346,NPFFAVSKPMGTQTH,HLA-DRB1*01:01,II
4538,ASLPTTIAK,HLA-A*03:01/HLA-A*11:01/HLA-A*31:01/HLA-A*68:01,I
4539,ASLPYGANK,HLA-A*03:01/HLA-A*11:01/HLA-A*31:01,I
45526,NQATTKTTF,HLA-B*15:01,I
45653,NRALSGIAAEQDRNT,HLA-DRB1*01:01,II
45829,NSGPDDQIGY,HLA-A*01:01,I
46414,NVLAWLYAA,HLA-A*02:01/HLA-A*02:02/HLA-A*02:03/HLA-A*02:06/HLA-A*68:02,I
46451,NVPLRGTIVTRPLME,HLA-DRB1*01:01,II
46481,NVSLVKPTVY,HLA-A*29:02/HLA-A*30:02,I
46482,NVSLVKPTVYVYSRV,HLA-DRB1*01:01,II
46520,NVYADSFVVK,HLA-A*68:01/HLA-A*03:01/HLA-A*11:01/HLA-A*31:01/HLA-A*33:01,I
46661,NYMPYVFTL,HLA-A*24:02/HLA-C*07:02/HLA-A*23:01/HLA-A*29:02,I
46679,NYNYKYRYL,HLA-A*23:01/HLA-A*29:02,I
47041,PCSFGGVSVITPGTN,HLA-DRB1*01:01,II
47070,PDDFMGCVLAWNTRN,HLA-DRB1*01:01,II
4768,ASSEVAVLY,HLA-A*01:01/HLA-A*29:02/HLA-A*30:02/HLA-A*26:01,I
47822,PHGVVFLHVTYVPSQ,HLA-DRB1*01:01,II
47922,PILLLDQVLVSDVGD,HLA-DRB1*01:01,II
48014,PIVVQMTKLATTEEL,HLA-DRB1*01:01,II
48051,PKEITVATSRTLSYY,HLA-DRB1*01:01,II
4812,ASTVHATATIPLQAS,HLA-DRB1*01:01,II
48324,PLFLIVAALVFLILC,HLA-DRB1*01:01,II
48746,PPALNCYWPL,HLA-B*51:01,I
4877,ATAGWTFGA,HLA-A*02:03/HLA-A*68:02/HLA-A*02:01/HLA-A*02:02/HLA-A*02:06,I
4936,ATEGALNTPK,HLA-A*11:01/HLA-A*03:01/HLA-A*68:01/HLA-A*31:01,I
49374,PSGFNTLKPIFKLPL,HLA-DRB1*01:01,II
4952,ATFFIFNKLVKDPPN,HLA-DRB1*01:01,II
4961,ATFSVPMEK,HLA-A*03:01/HLA-A*11:01/HLA-A*31:01/HLA-A*68:01,I
49720,PTNFSISITTEVMPV,HLA-DRB1*01:01,II
49848,PVDEYITTY,HLA-A*01:01/HLA-A*29:02/HLA-A*30:02,I
49892,PVKIDNASPASTVHA,HLA-DRB1*01:01,II
50145,PYNSVTDTI,HLA-A*23:01/HLA-A*24:02,I
50166,PYRVVVLSF,HLA-A*23:01/HLA-A*24:02/HLA-A*01:01/HLA-A*26:01,I
5017,ATKIIALNK,HLA-A*11:01/HLA-A*03:01/HLA-A*31:01,I
50399,QCALFPNNLITSSRR,HLA-DRB1*01:01,II
50560,QECVRGTTVLLKEPC,HLA-DRB1*01:01,II
50622,QEIQLLAAV,HLA-B*40:01/HLA-B*44:03/HLA-B*45:01/HLA-B*18:01/HLA-B*44:02,I
50623,QEIQLLAAVG,HLA-B*44:03/HLA-B*45:01/HLA-B*40:01/HLA-B*44:02,I
50641,QELGKYEQYI,HLA-B*44:02/HLA-B*44:03/HLA-B*40:02,I
50643,QELLIQQWI,HLA-B*40:01/HLA-B*40:02/HLA-B*44:02/HLA-B*45:01,I
50644,QELLIQQWIQFMMSR,HLA-DRB1*01:01,II
50653,QELYSPLFL,HLA-B*40:01/HLA-B*40:02/HLA-B*44:02/HLA-B*44:03/HLA-B*45:01,I
50654,QELYSPLFLI,HLA-B*40:02/HLA-B*44:02/HLA-B*44:03/HLA-B*45:01/HLA-B*18:01/HLA-B*40:01,I
50655,QELYSPLFLIVAALV,HLA-DRB1*01:01,II
5069,ATNNVFRLK,HLA-A*03:01/HLA-A*11:01,I
50697,QESLTTTSTA,HLA-B*45:01/HLA-B*40:02/HLA-B*44:03,I
50779,QFKDNVILL,HLA-A*24:02/HLA-A*23:01,I
50802,QFLYLYALI,HLA-A*23:01/HLA-A*24:02/HLA-A*29:02/HLA-A*01:01,I
50803,QFLYLYALIYFLQCI,HLA-DRB1*01:01,II
50920,QGNFGDQDLIRQGTD,HLA-DRB1*01:01,II
51112,QIPFAMQMAYRFNGI,HLA-DRB1*01:01,II
51129,QIQLSLLKVTAFQHQ,HLA-DRB1*01:01,II
51251,QKSIVAYTMSLGADS,HLA-DRB1*01:01,II
51340,QLFKPLTKK,HLA-A*11:01/HLA-A*03:01/HLA-A*31:01,I
51442,QLMCQPILL,HLA-A*02:01/HLA-A*02:02/HLA-A*02:03/HLA-A*02:06/HLA-A*68:02,I
51443,QLMCQPILLL,HLA-A*02:01/HLA-A*02:02/HLA-A*02:03/HLA-A*02:06/HLA-A*68:02,I
51482,QLPQGTTLPK,HLA-A*03:01/HLA-A*11:01/HLA-A*68:01,I
5149,ATSRTLSYY,HLA-A*01:01/HLA-A*03:01/HLA-A*11:01/HLA-A*29:02/HLA-A*30:02/HLA-A*26:01/HLA-A*31:01/HLA-A*68:01,I
5150,ATSRTLSYYK,HLA-A*03:01/HLA-A*11:01/HLA-A*31:01/HLA-A*68:01,I
51544,QLSLLKVTAFQHQNS,HLA-DRB1*01:01,II
5155,ATSTGNYNY,HLA-A*29:02/HLA-A*30:02/HLA-A*01:01/HLA-A*11:01,I
5156,ATSTGNYNYK,HLA-A*03:01/HLA-A*11:01/HLA-A*68:01/HLA-A*31:01,I
5158,ATSTRHPSK,HLA-A*03:01/HLA-A*11:01/HLA-A*68:01/HLA-A*31:01,I
51659,QMYKTPTLKY,HLA-A*29:02/HLA-A*30:02/HLA-A*26:01,I
51982,QPTVTLLPA,HLA-B*54:01/HLA-B*07:02,I
51983,QPTVTLLPAADMDDF,HLA-DRB1*01:01,II
51999,QPYRVVVLSF,HLA-B*07:02/HLA-B*53:01,I
52057,QQLIRAAEIRASANL,HLA-DRB1*01:01,II
5209,ATVVIGTSK,HLA-A*11:01/HLA-A*03:01/HLA-A*68:01/HLA-A*31:01,I
52114,QQQGQTVTK,HLA-A*11:01/HLA-A*31:01,I
52115,QQQGQTVTKK,HLA-A*11:01,I
52129,QQQQGQTVTK,HLA-A*11:01,I
52170,QQWIQFMMSR,HLA-A*31:01/HLA-A*33:01,I
52171,QQWIQFMMSRRRLLA,HLA-DRB1*01:01,II
52236,QRNFFSPQIITTDNT,HLA-DRB1*01:01,II
52283,QSADASTFLK,HLA-A*11:01/HLA-A*68:01/HLA-A*03:01/HLA-A*31:01,I
52361,QSLCFLLTQK,HLA-A*03:01/HLA-A*11:01/HLA-A*31:01/HLA-A*68:01/HLA-A*33:01,I
524,AAYFVGYLK,HLA-A*03:01/HLA-A*11:01/HLA-A*68:01/HLA-A*31:01,I
52448,QSVIIINNSTNVVIR,HLA-DRB1*01:01,II
52584,QTNVVPPALHLVDPQ,HLA-DRB1*01:01,II
52672,QTYVTQQLIRAAEIR,HLA-DRB1*01:01,II
52799,QVTIAEILIIIMRTF,HLA-DRB1*01:01,II
5280,AVAVHDFFK,HLA-A*03:01/HLA-A*11:01/HLA-A*31:01/HLA-A*68:01/HLA-A*33:01,I
52851,QWNLVIGFLF,HLA-A*23:01/HLA-A*24:02/HLA-A*29:02,I
52852,QWNLVIGFLFLAWIM,HLA-DRB1*01:01,II
52953,QYIKWPWYVW,HLA-A*23:01/HLA-A*24:02/HLA-A*29:02,I
5297,AVDPAKAYK,HLA-A*03:01/HLA-A*11:01/HLA-A*31:01/HLA-A*33:01/HLA-A*68:01,I
53500,REFVFKNKDG,HLA-B*40:01/HLA-B*44:03,I
53516,REGVFVFNG,HLA-B*40:02/HLA-B*44:03/HLA-B*45:01/HLA-B*40:01/HLA-B*44:02,I
53517,REGVFVFNGT,HLA-B*40:02/HLA-B*44:03/HLA-B*45:01/HLA-B*40:01/HLA-B*44:02,I
53652,RETYLMCLSPLMANL,HLA-DRB1*01:01,II
53671,REVSTAAVT,HLA-B*45:01/HLA-B*40:01,I
53742,RFLYIIKLVF,HLA-A*23:01/HLA-A*24:02/HLA-A*01:01/HLA-A*29:02/HLA-A*30:02,I
53743,RFLYIIKLVFLWLLW,HLA-DRB1*01:01,II
5375,AVIIRGHLR,HLA-A*31:01/HLA-A*11:01/HLA-A*68:01,I
53764,RFQPFQQFGR,HLA-A*31:01/HLA-A*33:01/HLA-A*68:01,I
53997,RGTIVTRPLMESELV,HLA-DRB1*01:01,II
54114,RHYSASFKK,HLA-A*03:01/HLA-B*27:05/HLA-A*11:01/HLA-A*31:01,I
54183,RILGAGCFV,HLA-A*02:01/HLA-A*02:02/HLA-A*02:06/HLA-A*02:03,I
54204,RINWVTGGIAIAMAC,HLA-DRB1*01:01,II
544,ACADGTRHTY,HLA-A*30:02/HLA-A*01:01,I
5447,AVLQSGFRK,HLA-A*03:01/HLA-A*11:01,I
54490,RLCAYCCNI,HLA-A*02:01/HLA-A*02:02/HLA-A*02:03/HLA-A*02:06/HLA-A*68:02,I
54507,RLDKVEAEV,HLA-A*02:01/HLA-A*02:02/HLA-A*02:06/HLA-A*02:03/HLA-A*68:02,I
54631,RLLACLCKHK,HLA-A*03:01/HLA-A*11:01/HLA-A*31:01/HLA-A*33:01,I
54680,RLNEVAKNL,HLA-A*02:01,I
54690,RLNQLESKV,HLA-A*02:01,I
54725,RLQSLQTYV,HLA-A*02:01/HLA-A*02:02/HLA-A*02:03/HLA-A*02:06/HLA-A*68:02,I
54801,RLVDAMVYT,HLA-A*02:01/HLA-A*02:02/HLA-A*02:03/HLA-A*02:06/HLA-A*68:02,I
54847,RLYYDSMSY,HLA-B*15:01/HLA-A*03:01/HLA-A*11:01,I
54985,RNFFSPQIITTDNTF,HLA-DRB1*01:01,II
55195,RPKQRRPQGL,HLA-B*07:02,I
55215,RPLMESELV,HLA-B*51:01,I
55216,RPLMESELVI,HLA-B*51:01/HLA-B*35:01/HLA-B*53:01/HLA-B*07:02,I
55217,RPLMESELVIGAVII,HLA-DRB1*01:01,II
55440,RQLFKPLTK,HLA-A*03:01/HLA-A*11:01/HLA-A*31:01,I
55441,RQLFKPLTKK,HLA-A*03:01/HLA-A*11:01/HLA-A*31:01/HLA-A*33:01/HLA-A*68:01,I
55444,RQLLFVVEV,HLA-A*02:01/HLA-A*02:02/HLA-A*02:03/HLA-A*02:06/HLA-A*68:02,I
55553,RREVSTAAVTMSMKL,HLA-DRB1*01:01,II
56252,RVDFCGKGY,HLA-A*30:02/HLA-A*01:01/HLA-A*03:01/HLA-B*15:01/HLA-B*27:05,I
56289,RVFNNYMPY,HLA-B*15:01/HLA-A*03:01/HLA-A*11:01/HLA-A*26:01/HLA-A*68:01/HLA-A*31:01/HLA-A*33:01/HLA-B*27:05/HLA-B*58:01,I
56376,RVPRNLTLSK,HLA-A*03:01/HLA-A*11:01/HLA-A*31:01/HLA-A*68:01,I
56604,RYNTRGNTY,HLA-A*30:02/HLA-A*24:02/HLA-A*29:02,I
56634,RYRIGNYKL,HLA-A*23:01/HLA-A*24:02/HLA-A*30:02,I
5666,AWIMLLQFAYSNRNR,HLA-DRB1*01:01,II
56691,SAAAYFVGY,HLA-A*11:01/HLA-A*30:02/HLA-A*01:01/HLA-A*03:01/HLA-A*26:01/HLA-A*29:02/HLA-A*68:01/HLA-A*24:02,I
56727,SADASTFLK,HLA-A*03:01/HLA-A*11:01/HLA-A*68:01/HLA-A*31:01/HLA-A*33:01,I
56979,SASAFFGMSR,HLA-A*11:01/HLA-A*31:01/HLA-A*68:01/HLA-A*33:01/HLA-A*03:01,I
57395,SEETGTLIV,HLA-B*45:01/HLA-B*40:01,I
57544,SELVIGAVI,HLA-B*40:01/HLA-B*40:02/HLA-B*44:03/HLA-B*45:01/HLA-B*18:01/HLA-B*44:02,I
57545,SELVIGAVII,HLA-B*40:01/HLA-B*40:02/HLA-B*44:02/HLA-B*44:03/HLA-B*45:01,I
57546,SELVIGAVIIRGHLR,HLA-DRB1*01:01,II
57592,SEPVLKGVKL,HLA-B*40:01/HLA-B*40:02/HLA-B*44:02/HLA-B*44:03,I
57659,SEVAVLYQDV,HLA-B*40:02/HLA-B*44:03/HLA-B*45:01/HLA-B*18:01/HLA-B*40:01/HLA-B*44:02,I
5772,AYFPREGVF,HLA-A*23:01,I
57750,SFELLNAPATVCGPK,HLA-DRB1*01:01,II
5777,AYFVGYLKPTTFMLK,HLA-DRB1*01:01,II
57792,SFIEDLLFNK,HLA-A*11:01/HLA-A*31:01/HLA-A*33:01/HLA-A*68:01,I
57853,SFNHVLKRK,HLA-A*03:01/HLA-A*31:01/HLA-A*11:01,I
57856,SFNPETNIL,HLA-A*23:01/HLA-A*24:02/HLA-A*30:02,I
58455,SIAYSNNTIAIPTNF,HLA-DRB1*01:01,II
58704,SISITTEVMPVSMAK,HLA-DRB1*01:01,II
58730,SIVAYTMSL,HLA-A*02:01/HLA-A*02:02/HLA-A*02:03/HLA-A*02:06/HLA-A*68:02,I
59012,SLAMSTTISVAQMGT,HLA-DRB1*01:01,II
59028,SLCFLLTQK,HLA-A*03:01/HLA-A*11:01/HLA-A*31:01/HLA-A*68:01,I
59033,SLCSCICTV,HLA-A*02:01/HLA-A*02:02/HLA-A*02:03/HLA-A*02:06/HLA-A*68:02,I
5908,AYRFNGIGVTQNVLY,HLA-DRB1*01:01,II
59161,SLIDLQELGK,HLA-A*03:01/HLA-A*11:01/HLA-A*31:01/HLA-A*68:01/HLA-A*33:01,I
5926,AYSNNTIAI,HLA-A*29:02/HLA-A*30:02,I
59266,SLLKTHRMCK,HLA-A*03:01/HLA-A*11:01/HLA-A*31:01,I
5928,AYSNRNRFL,HLA-A*24:02/HLA-A*23:01,I
59301,SLLRSTSQK,HLA-A*03:01/HLA-A*11:01/HLA-A*31:01/HLA-A*68:01,I
59312,SLLSVLLSM,HLA-A*02:01/HLA-A*02:02/HLA-A*02:06/HLA-A*02:03,I
59383,SLPFGWLVIGVAFLA,HLA-DRB1*01:01,II
59405,SLPSYAAYA,HLA-A*02:01/HLA-A*02:02/HLA-A*02:03/HLA-A*02:06/HLA-A*68:02,I
59525,SLTSLLKTHR,HLA-A*31:01/HLA-A*03:01/HLA-A*11:01/HLA-A*33:01/HLA-A*68:01,I
59554,SLVKPTVYV,HLA-A*02:01/HLA-A*02:03/HLA-A*02:02/HLA-A*02:06/HLA-A*68:02,I
59610,SLYMAISPK,HLA-A*03:01/HLA-A*11:01/HLA-A*31:01/HLA-A*68:01,I
59656,SMEVQSLAMSTTISV,HLA-DRB1*01:01,II
5968,CADGTRHTY,HLA-A*01:01/HLA-B*15:01/HLA-B*58:01/HLA-A*30:02/HLA-A*26:01/HLA-A*29:02,I
59694,SMKLPGSLSALIRAT,HLA-DRB1*01:01,II
59776,SMWALVISV,HLA-A*02:01/HLA-A*02:02/HLA-A*02:03/HLA-A*02:06/HLA-A*68:02,I
59778,SMWSFNPET,HLA-A*02:01/HLA-A*02:02/HLA-A*02:03/HLA-A*02:06,I
5998,CALFPNNLITSSRRE,HLA-DRB1*01:01,II
60097,SPKFTTSLSL,HLA-B*07:02/HLA-B*51:01/HLA-B*53:01,I
60109,SPLFLIVAA,HLA-B*54:01/HLA-B*07:02/HLA-B*35:01,I
60110,SPLFLIVAAL,HLA-B*07:02/HLA-B*35:01/HLA-B*51:01/HLA-B*53:01/HLA-B*54:01,I
60111,SPLFLIVAALVFLIL,HLA-DRB1*01:01,II
60123,SPLMANLAPHLLLIV,HLA-DRB1*01:01,II
60242,SPRWYFYYL,HLA-B*07:02/HLA-B*51:01/HLA-B*53:01/HLA-B*54:01,I
60380,SQASSRSSSR,HLA-A*31:01/HLA-A*68:01/HLA-A*11:01/HLA-A*33:01,I
60463,SQILPDPLK,HLA-A*11:01,I
60467,SQIQLSLLK,HLA-A*11:01/HLA-A*03:01,I
60494,SQLMCQPILLLDQVL,HLA-DRB1*01:01,II
60498,SQLSLSMAR,HLA-A*31:01/HLA-A*11:01/HLA-A*68:01/HLA-A*03:01,I
60499,SQLSLSMARR,HLA-A*03:01/HLA-A*31:01/HLA-A*68:01/HLA-A*11:01/HLA-A*33:01,I
60505,SQMETDFLEL,HLA-A*02:06/HLA-A*02:01/HLA-A*02:02/HLA-A*02:03,I
60515,SQNPLAELK,HLA-A*11:01/HLA-A*31:01,I
6066,CCNIVNVSLVKPTVY,HLA-DRB1*01:01,II
61057,SSGVANPAMDPIYDE,HLA-DRB1*01:01,II
61122,SSIVRQLFK,HLA-A*03:01/HLA-A*11:01/HLA-A*68:01/HLA-A*31:01,I
61182,SSLPSYAAY,HLA-B*15:01/HLA-B*35:01/HLA-B*58:01/HLA-A*29:02/HLA-A*30:02/HLA-A*11:01/HLA-A*01:01,I
61229,SSNFGAISSVLNDIL,HLA-DRB1*01:01,II
61254,SSNVANYQK,HLA-A*11:01/HLA-A*03:01/HLA-A*68:01/HLA-A*31:01,I
61357,SSSLTSLLK,HLA-A*11:01/HLA-A*03:01/HLA-A*01:01/HLA-A*31:01,I
61507,STAAVTMSMK,HLA-A*03:01/HLA-A*11:01/HLA-A*68:01/HLA-A*31:01,I
61515,STAIHADQLTPAWRI,HLA-DRB1*01:01,II
61522,STALQELLIQQWIQF,HLA-DRB1*01:01,II
61534,STAWLCALGK,HLA-A*03:01/HLA-A*11:01/HLA-A*68:01/HLA-A*31:01,I
61547,STDDCFANK,HLA-A*11:01,I
61554,STDLIKNQCVNFNFN,HLA-DRB1*01:01/HLA class II,II
61632,STGNYNYKY,HLA-A*29:02/HLA-A*30:02/HLA-A*01:01/HLA-A*11:01/HLA-A*68:01,I
61633,STGNYNYKYR,HLA-A*31:01/HLA-A*68:01/HLA-A*03:01/HLA-A*11:01/HLA-A*33:01,I
61785,STNLCTHSFR,HLA-A*11:01/HLA-A*31:01/HLA-A*33:01/HLA-A*68:01/HLA-A*03:01,I
61820,STPIVVQMTK,HLA-A*11:01/HLA-A*68:01/HLA-A*03:01,I
61821,STPIVVQMTKLATTE,HLA-DRB1*01:01,II
6184,CELYHYQECV,HLA-B*45:01/HLA-B*40:01/HLA-B*44:03,I
61858,STQWSLFFFV,HLA-A*02:01/HLA-A*02:02/HLA-A*02:06/HLA-A*68:02/HLA-A*02:03,I
61864,STRHPSKLR,HLA-A*31:01/HLA-A*03:01/HLA-A*33:01/HLA-A*68:01/HLA-A*11:01,I
61908,STSQKSIVAY,HLA-A*29:02/HLA-A*30:02/HLA-A*01:01/HLA-A*26:01,I
61942,STTISVAQMGTLLIA,HLA-DRB1*01:01,II
62163,SVIIINNSTNVVIRA,HLA-DRB1*01:01,II
62191,SVKSFEIDK,HLA-A*11:01/HLA-A*03:01/HLA-A*31:01/HLA-A*68:01,I
62214,SVLLFLAFV,HLA-A*02:01/HLA-A*02:02/HLA-A*02:06/HLA-A*02:03/HLA-A*68:02,I
62215,SVLLFLAFVV,HLA-A*02:01/HLA-A*02:02/HLA-A*02:06/HLA-A*68:02/HLA-A*02:03,I
62216,SVLLFLAFVVFLLVT,HLA-DRB1*01:01,II
62221,SVLNDILSR,HLA-A*11:01/HLA-A*31:01/HLA-A*68:01,I
62331,SVSPKLFIR,HLA-A*31:01/HLA-A*11:01/HLA-A*68:01,I
62402,SVYAWERKK,HLA-A*03:01/HLA-A*11:01/HLA-A*31:01,I
62441,SWFITQRNF,HLA-A*29:02/HLA-A*30:02/HLA-A*23:01,I
62442,SWFITQRNFF,HLA-A*23:01/HLA-A*24:02/HLA-A*29:02/HLA-A*01:01/HLA-A*30:02,I
62519,SYCNGVREL,HLA-C*06:02/HLA-A*24:02,I
62549,SYFVASFRLF,HLA-A*23:01/HLA-A*24:02/HLA-A*29:02/HLA-A*30:02/HLA-A*26:01/HLA-B*18:01/HLA-B*40:01/HLA-B*44:02/HLA-B*44:03/HLA-B*45:01,I
62783,TAAFRDVLVVLNKRT,HLA-DRB1*01:01,II
62793,TAALVSGTATAGWTF,HLA-DRB1*01:01,II
62843,TAFQHQNSKK,HLA-A*68:01/HLA-A*03:01/HLA-A*11:01,I
63006,TASWFTALTQHGKEE,HLA-DRB1*01:01,II
63014,TATIPLQASLPFGWL,HLA-DRB1*01:01,II
63133,TDDMIAAYTAALVSG,HLA-DRB1*01:01,II
63193,TDLIKNQCVNFNFNG,HLA-DRB1*01:01,II
63580,TEVMPVSMA,HLA-B*40:02/HLA-B*45:01/HLA-B*44:03,I
63581,TEVMPVSMAKTSVDC,HLA-DRB1*01:01,II
63588,TEVYYQLESTQITTD,HLA-DRB1*01:01,II
63642,TFFIFNKLVK,HLA-A*03:01/HLA-A*11:01/HLA-A*68:01/HLA-A*31:01/HLA-A*33:01,I
63652,TFFSTFKCY,HLA-A*11:01/HLA-A*31:01/HLA-A*33:01/HLA-A*68:01,I
63664,TFGNPVIPFK,HLA-A*11:01/HLA-A*68:01/HLA-A*03:01/HLA-A*31:01/HLA-A*33:01,I
63834,TGGIAIAMACIVGLM,HLA-DRB1*01:01,II
63951,TGRLQSLQTYVTQQL,HLA-DRB1*01:01,II
63980,TGTLIVNSVLLFLAF,HLA-DRB1*01:01,II
64474,TISVAQMGTLLIASK,HLA-DRB1*01:01,II
64518,TIYSHLLLV,HLA-A*02:01/HLA-A*02:02/HLA-A*02:03/HLA-A*02:06/HLA-A*68:02,I
64709,TLACFVLAA,HLA-A*02:01/HLA-A*02:02/HLA-A*02:03/HLA-A*02:06/HLA-A*68:02,I
64710,TLACFVLAAV,HLA-A*02:01/HLA-A*02:02/HLA-A*02:03/HLA-A*02:06/HLA-A*68:02,I
64711,TLADAGFMK,HLA-A*03:01/HLA-A*11:01/HLA-A*68:01/HLA-A*33:01,I
64718,TLAILTALR,HLA-A*31:01/HLA-A*68:01/HLA-A*03:01/HLA-A*11:01/HLA-A*33:01,I
64742,TLDAANHSI,HLA-A*02:01/HLA-A*02:06/HLA-A*02:02/HLA-A*02:03/HLA-A*68:02,I
64827,TLGVYDYLV,HLA-A*02:01/HLA-A*02:02/HLA-A*02:06/HLA-A*68:02/HLA-A*02:03,I
64842,TLIDFYLCFL,HLA-A*02:01/HLA-A*02:02/HLA-A*02:03/HLA-A*02:06/HLA-A*68:02,I
64850,TLIGDCATV,HLA-A*02:01/HLA-A*02:02/HLA-A*02:03/HLA-A*02:06/HLA-A*68:02,I
64867,TLIVNSVLLFLAFVV,HLA-DRB1*01:01,II
64894,TLLCVLAAL,HLA-A*02:01/HLA-A*02:02/HLA-A*02:03/HLA-A*02:06/HLA-A*68:02,I
64895,TLLCVLAALV,HLA-A*02:01/HLA-A*02:02/HLA-A*02:03/HLA-A*02:06/HLA-A*68:02,I
64955,TLMNVITLV,HLA-A*02:01/HLA-A*02:02/HLA-A*02:03/HLA-A*02:06/HLA-A*68:02,I
64969,TLNEDLLEI,HLA-A*02:01/HLA-A*02:02/HLA-A*02:03/HLA-A*02:06/HLA-A*68:02,I
65074,TLSYYKLGASQRVGT,HLA-DRB1*01:01,II
65127,TLVLKMLHSSSLTSL,HLA-DRB1*01:01,II
65132,TLVPQEHYV,HLA-A*02:01/HLA-A*69:01,I
65176,TMADLVYAL,HLA-A*02:01/HLA-A*02:02/HLA-A*02:03/HLA-A*02:06/HLA-A*68:02,I
6519,CKSKNPLLY,HLA-A*29:02/HLA-A*30:02,I
65235,TMNNKSQSV,HLA-A*02:01,I
65259,TMSLYMAISPKFTTS,HLA-DRB1*01:01,II
65260,TMSMKLPGSLSALIR,HLA-DRB1*01:01,II
65342,TNILLNVPLRGTIVT,HLA-DRB1*01:01,II
6543,CLDAGINYV,HLA-A*02:01/HLA-A*02:02/HLA-A*02:03/HLA-A*02:06/HLA-A*68:02,I
65739,TPRDLGACI,HLA-B*07:02/HLA-B*51:01/HLA-B*54:01,I
65763,TPSGTWLTY,HLA-A*29:02/HLA-A*11:01,I
65831,TQDLFLPFY,HLA-A*30:02/HLA-A*11:01/HLA-A*29:02/HLA-A*01:01/HLA-B*15:01,I
65906,TQNVLYENQK,HLA-A*11:01/HLA-A*68:01,I
65963,TQVLKTMSLY,HLA-A*03:01/HLA-A*11:01,I
65964,TQVLKTMSLYMAISP,HLA-DRB1*01:01,II
65972,TQWSLFFFV,HLA-A*02:01/HLA-A*02:06/HLA-A*02:02/HLA-A*68:02/HLA-A*02:03,I
66388,TSQKSIVAY,HLA-A*30:02/HLA-A*01:01/HLA-A*29:02,I
66407,TSRTLSYYK,HLA-A*03:01/HLA-A*11:01/HLA-A*31:01/HLA-A*33:01/HLA-A*68:01,I
66438,TSSMRGVYY,HLA-A*01:01/HLA-A*29:02/HLA-A*30:02,I
66458,TSTGNYNYK,HLA-A*11:01/HLA-A*68:01/HLA-A*31:01/HLA-A*03:01,I
66459,TSTGNYNYKY,HLA-A*30:02/HLA-A*01:01/HLA-A*29:02/HLA-A*26:01,I
66602,TTEVMPVSMAKTSVD,HLA-DRB1*01:01,II
66623,TTGIGYQPY,HLA-A*29:02/HLA-A*01:01/HLA-A*26:01/HLA-A*30:02,I
66624,TTGIGYQPYR,HLA-A*68:01/HLA-A*31:01/HLA-A*11:01/HLA-A*33:01,I
6668,CMTSCCSCLK,HLA-A*68:01/HLA-A*03:01/HLA-A*11:01/HLA-A*31:01/HLA-A*33:01,I
66691,TTLFAGTHITMTTVY,HLA-DRB1*01:01,II
66706,TTLPKGFYA,HLA-A*02:01,I
66710,TTLPVNVAF,HLA-B*58:01/HLA-A*69:01/HLA-A*02:01/HLA-B*15:01,I
66823,TTSLSLHKLLQTLVL,HLA-DRB1*01:01,II
66849,TTTGIGYQPY,HLA-A*29:02/HLA-A*01:01/HLA-A*26:01/HLA-A*30:02,I
66875,TTTSTALGK,HLA-A*11:01/HLA-A*68:01/HLA-A*03:01/HLA-A*31:01,I
66952,TVATSRTLSY,HLA-A*01:01/HLA-A*26:01/HLA-A*29:02/HLA-A*30:02,I
6699,CNIVNVSLVKPTVYV,HLA-DRB1*01:01,II
67078,TVLSFCAFA,HLA-A*02:01/HLA-A*02:02/HLA-A*02:03/HLA-A*02:06/HLA-A*68:02,I
67199,TVVQRCASNK,HLA-A*03:01/HLA-A*11:01/HLA-A*31:01/HLA-A*68:01,I
67243,TVYVYSRVK,HLA-A*03:01/HLA-A*11:01/HLA-A*31:01/HLA-A*33:01/HLA-A*68:01,I
67275,TWLTYHGAI,HLA-A*23:01/HLA-A*24:02,I
67383,TYLMCLSPLMANLAP,HLA-DRB1*01:01,II
67498,TYVPSQERNF,HLA-A*23:01/HLA-A*24:02/HLA-A*29:02,I
67527,VAALVFLILCFTIKR,HLA-DRB1*01:01,II
67727,VAQMGTLLIASKIFS,HLA-DRB1*01:01,II
67790,VAVIQEIQLLAAVGE,HLA-DRB1*01:01,II
68,AAAYFVGYLK,HLA-A*03:01/HLA-A*11:01/HLA-A*68:01/HLA-A*31:01,I
68433,VFAQVKQMY,HLA-A*29:02/HLA-A*30:02,I
68434,VFAQVKQMYK,HLA-A*03:01/HLA-A*11:01/HLA-A*31:01/HLA-A*68:01/HLA-A*33:01,I
68479,VFGSTMNNK,HLA-A*03:01/HLA-A*11:01/HLA-A*31:01/HLA-A*68:01,I
68510,VFLILCFTI,HLA-A*23:01/HLA-A*24:02,I
68511,VFLILCFTIK,HLA-A*03:01/HLA-A*11:01/HLA-A*31:01/HLA-A*33:01/HLA-A*68:01,I
68513,VFLLVTLAILTALRL,HLA-DRB1*01:01,II
68522,VFLWLLWPVTLACFV,HLA-DRB1*01:01,II
68553,VFQSATKII,HLA-A*23:01/HLA-A*24:02/HLA-A*29:02/HLA-A*30:02,I
68899,VIADYNYKL,HLA-A*02:01/HLA-A*02:02/HLA-A*02:03/HLA-A*02:06/HLA-A*68:02,I
68980,VIGVAFLAVFQSATK,HLA-DRB1*01:01,II
69,AAAYFVGYLKPTTFM,HLA-DRB1*01:01,II
69298,VKQMYKTPTLKYFGG,HLA-DRB1*01:01,II
69350,VLAALVCYI,HLA-A*02:01/HLA-A*02:02/HLA-A*02:03/HLA-A*02:06/HLA-A*68:02,I
69351,VLAALVCYIV,HLA-A*02:01/HLA-A*02:02/HLA-A*02:03/HLA-A*02:06/HLA-A*68:02,I
69392,VLAWLYAAV,HLA-A*02:01/HLA-A*02:02/HLA-A*02:03/HLA-A*02:06/HLA-A*68:02,I
69591,VLLFLAFVV,HLA-A*02:01/HLA-A*02:02/HLA-A*02:06/HLA-A*02:03/HLA-A*68:02,I
69592,VLLFLAFVVFLLVTL,HLA-DRB1*01:01,II
69657,VLNDILSRL,HLA-A*02:01,I
69688,VLPFHRWHTMVQTCT,HLA-DRB1*01:01,II
69716,VLQAVGACV,HLA-A*02:01/HLA-A*02:02/HLA-A*02:03/HLA-A*02:06/HLA-A*68:02,I
69720,VLQLPQGTTL,HLA-A*02:01,I
69721,VLQLPQGTTLPKGFY,HLA-DRB1*01:01,II
69758,VLSFCAFAV,HLA-A*02:01/HLA-A*02:02/HLA-A*02:03/HLA-A*02:06/HLA-A*68:02,I
69759,VLSFELLNAPATVCG,HLA-DRB1*01:01,II
69850,VLWAHGFEL,HLA-A*02:01/HLA-A*24:02/HLA-A*02:02/HLA-A*02:03/HLA-A*02:06/HLA-A*31:01/HLA-A*69:01/HLA-A*01:01/HLA-A*03:01/HLA-A*68:02/HLA-B*08:01/HLA-B*15:01/HLA-B*58:01,I
69864,VLYENQKQI,HLA-A*02:01,I
69882,VLYQDVNCT,HLA-A*02:01,I
69929,VMCGGSLYV,HLA-A*02:01/HLA-A*02:02/HLA-A*02:03/HLA-A*02:06/HLA-A*68:02,I
69948,VMFNGVTFST,HLA-A*02:01/HLA-A*02:02/HLA-A*02:03/HLA-A*02:06,I
70032,VMVTILLCCM,HLA-A*02:01/HLA-A*02:03/HLA-A*02:06,I
70037,VMYASALVLL,HLA-A*02:01/HLA-A*02:02/HLA-A*02:03/HLA-A*02:06/HLA-A*68:02,I
70192,VNSVLLFLAFVVFLL,HLA-DRB1*01:01,II
70308,VPGLPGTVL,HLA-B*07:02,I
70371,VPMEKLKAL,HLA-B*07:02/HLA-B*35:01/HLA-B*51:01,I
70477,VPSGDVVRF,HLA-B*07:02,I
70575,VQIDRLITGR,HLA-A*31:01/HLA-A*03:01/HLA-A*11:01/HLA-A*33:01/HLA-A*68:01,I
70629,VQQESSFVM,HLA-B*15:01/HLA-A*02:01/HLA-B*27:05,I
70645,VQSLAMSTTISVAQM,HLA-DRB1*01:01,II
70657,VQTVRTQVY,HLA-B*15:01,I
70701,VRDPKTSEI,HLA-B*07:02,I
70718,VRFPNITNL,HLA-C*14:02/HLA-B*27:05,I
70738,VRGWVFGSTMNNKSQ,HLA-DRB1*01:01,II
70804,VRQLFKPLTKKNYSE,HLA-DRB1*01:01,II
71035,VSLLRSTSQK,HLA-A*03:01/HLA-A*11:01/HLA-A*31:01/HLA-A*33:01,I
71044,VSLVKPTVY,HLA-A*01:01/HLA-A*29:02/HLA-A*30:02,I
71131,VSSMEVQSLAMSTTI,HLA-DRB1*01:01,II
71246,VTAFQHQNSKKTTKL,HLA-DRB1*01:01,II
71306,VTFQGKFKK,HLA-A*03:01/HLA-A*11:01,I
71377,VTIYSHLLLVAAGME,HLA-DRB1*01:01,II
71396,VTLADAGFMK,HLA-A*03:01/HLA-A*11:01/HLA-A*68:01/HLA-A*31:01,I
71397,VTLAILTALR,HLA-A*31:01/HLA-A*68:01/HLA-A*03:01/HLA-A*11:01/HLA-A*33:01,I
71461,VTPSGTWLTY,HLA-A*30:02/HLA-A*01:01/HLA-A*26:01/HLA-A*29:02,I
71588,VTYVPSQER,HLA-A*31:01/HLA-A*33:01/HLA-A*03:01/HLA-A*11:01/HLA-A*68:01,I
71635,VVDKYFDCY,HLA-A*01:01/HLA-A*29:02/HLA-A*30:02,I
71663,VVFLHVTYV,HLA-A*02:01/HLA-A*02:02/HLA-A*02:03/HLA-A*02:06/HLA-A*68:02,I
71664,VVFLLVTLAILTALR,HLA-DRB1*01:01,II
71688,VVHGYFTEV,HLA-A*02:01/HLA-A*02:02/HLA-A*02:03/HLA-A*02:06/HLA-A*68:02,I
71802,VVQMTKLATTEELPD,HLA-DRB1*01:01,II
71803,VVQRCASNK,HLA-A*03:01/HLA-A*11:01,I
71917,VVYRGTTTY,HLA-B*15:01/HLA-A*03:01/HLA-A*11:01/HLA-B*35:01/HLA-B*58:01,I
7192,CTPPALNCY,HLA-A*29:02/HLA-A*30:02,I
71942,VWLGFIAGL,HLA-A*29:02/HLA-A*30:02,I
71974,VYALCTLLHL,HLA-A*23:01/HLA-A*24:02,I
71981,VYAWERKKI,HLA-A*23:01,I
71996,VYDPLQPEL,HLA-A*24:02/HLA-A*29:02/HLA-A*30:02,I
72043,VYHITVSQI,HLA-A*24:02/HLA-A*23:01,I
72409,WFITQRNFF,HLA-A*29:02/HLA-A*26:01/HLA-A*30:02/HLA-A*01:01/HLA-A*23:01,I
7247,CVADYSVLY,HLA-A*01:01/HLA-A*26:01/HLA-A*29:02/HLA-A*30:02,I
72637,WIMLLQFAY,HLA-A*03:01,I
72717,WLGFIAGLIAIVMVT,HLA-DRB1*01:01,II
72759,WLLWPVTLA,HLA-A*02:01/HLA-A*02:02/HLA-A*02:03/HLA-A*02:06/HLA-A*68:02,I
72761,WLMWFIISI,HLA-A*02:01/HLA-A*02:02/HLA-A*02:03/HLA-A*02:06/HLA-A*68:02,I
72762,WLMWFIISIV,HLA-A*02:01/HLA-A*02:03/HLA-A*02:02/HLA-A*02:06/HLA-A*68:02,I
72766,WLPTGTLLV,HLA-A*02:01/HLA-A*02:02/HLA-A*02:03/HLA-A*02:06/HLA-A*68:02,I
72804,WLSYFVASFR,HLA-A*11:01/HLA-A*31:01/HLA-A*33:01/HLA-A*68:01/HLA-A*03:01,I
72814,WLTYHGAIKL,HLA-A*02:01,I
72821,WLVIGVAFL,HLA-A*02:01/HLA-A*02:02/HLA-A*02:03/HLA-A*02:06/HLA-A*68:02,I
72855,WMLLTFLTSL,HLA-A*02:01/HLA-A*02:02/HLA-A*02:03/HLA-A*02:06/HLA-A*68:02,I
7287,CVMYASALV,HLA-A*02:01/HLA-A*02:02/HLA-A*02:03/HLA-A*02:06/HLA-A*68:02,I
7289,CVNFNFNGLTGTGVL,HLA-DRB1*01:01,II
72972,WPVTLACFVL,HLA-B*51:01/HLA-B*35:01/HLA-B*53:01/HLA-B*07:02/HLA-B*54:01,I
72974,WPWYVWLGFI,HLA-B*53:01,I
73192,WVFGSTMNNK,HLA-A*68:01/HLA-A*03:01/HLA-A*11:01,I
73204,WVLAYMLFT,HLA-A*02:06/HLA-A*02:01/HLA-A*02:02/HLA-A*02:03,I
73344,YAEISFMLW,HLA-A*24:02/HLA-B*58:01,I
73386,YALCTLLHL,HLA-A*02:01/HLA-A*02:06/HLA-A*02:02/HLA-A*02:03,I
73438,YASALVLLI,HLA-A*02:01/HLA-A*02:02/HLA-A*02:03/HLA-A*02:06/HLA-A*68:02,I
73668,YEGNSPFHPL,HLA-B*40:01/HLA-B*40:02,I
73751,YEQYIKWPWY,HLA-B*44:02/HLA-B*18:01/HLA-B*44:03/HLA-B*40:01/HLA-B*45:01,I
73883,YFPREGVFVF,HLA-A*23:01/HLA-A*24:02/HLA-A*29:02,I
73909,YFTEVYYQL,HLA-A*23:01/HLA-A*24:02/HLA-A*29:02/HLA-A*01:01,I
73923,YFVASFRLF,HLA-A*23:01/HLA-A*24:02/HLA-A*29:02/HLA-A*01:01/HLA-A*26:01/HLA-A*30:02,I
73926,YFVCWHTHNY,HLA-A*03:01/HLA-A*31:01/HLA-A*33:01/HLA-A*68:01,I
74122,YHLMSFPQAAPHGVV,HLA-DRB1*01:01,II
74209,YIFFASFYY,HLA-A*03:01/HLA-A*11:01/HLA-A*68:01/HLA-A*26:01/HLA-A*31:01/HLA-A*33:01/HLA-A*69:01/HLA-B*15:01/HLA-B*58:01,I
74210,YIFFASFYYI,HLA-A*02:01/HLA-A*02:02/HLA-A*02:06/HLA-A*68:02/HLA-A*02:03,I
74238,YIIKLVFLWL,HLA-A*02:01/HLA-A*02:02/HLA-A*02:06,I
74414,YIWKSYVHI,HLA-A*02:01/HLA-A*02:03/HLA-A*02:06/HLA-A*02:02/HLA-A*68:02,I
7451,CYWPLNDYGF,HLA-A*23:01/HLA-A*24:02/HLA-A*29:02/HLA-A*30:02,I
74577,YLCFLAFLL,HLA-A*02:01/HLA-A*02:02/HLA-A*02:03/HLA-A*02:06/HLA-A*68:02,I
74578,YLCFLAFLLFLVLIM,HLA-DRB1*01:01,II
74593,YLDAYNMMI,HLA-A*02:01/HLA-A*02:02/HLA-A*02:03/HLA-A*02:06,I
74683,YLGTGPEASL,HLA-A*02:01,I
74785,YLLGLSAIM,HLA-A*02:01/HLA-A*02:02/HLA-A*02:03/HLA-A*02:06,I
74813,YLMCLSPLM,HLA-A*02:01/HLA-A*02:02/HLA-A*02:03/HLA-A*02:06/HLA-A*68:02,I
74814,YLMCLSPLMA,HLA-A*02:01/HLA-A*02:02/HLA-A*02:03/HLA-A*02:06/HLA-A*68:02,I
74850,YLNTLTLAV,HLA-A*02:01/HLA-A*02:02/HLA-A*02:03/HLA-A*02:06/HLA-A*68:02,I
74928,YLSSVLLAL,HLA-A*02:01/HLA-A*02:02/HLA-A*02:03/HLA-A*02:06/HLA-A*68:02,I
74976,YLVQQESSFV,HLA-A*02:03/HLA-A*02:01/HLA-A*02:06/HLA-A*68:02,I
75003,YLYALIYFL,HLA-A*02:01/HLA-A*02:02/HLA-A*02:03/HLA-A*02:06/HLA-A*68:02,I
75018,YLYLTFYFT,HLA-A*02:01/HLA-A*02:02/HLA-A*02:03/HLA-A*02:06/HLA-A*68:02,I
75078,YMLFTKFFYL,HLA-A*02:01/HLA-A*02:02/HLA-A*02:03/HLA-A*02:06/HLA-A*68:02,I
75098,YMPYVFTLL,HLA-A*02:01/HLA-A*02:02/HLA-A*02:03/HLA-A*02:06/HLA-A*68:02,I
75144,YNFLKEQHCQKASTQ,HLA-DRB1*01:01,II
75323,YPIILRLGSQLSLSM,HLA-DRB1*01:01,II
75465,YQCGHYTHI,HLA-A*02:01/HLA-A*02:03/HLA-A*02:06/HLA-A*02:02/HLA-A*23:01/HLA-A*68:02,I
75508,YQKVGMQKY,HLA-B*15:01/HLA-B*27:05,I
75690,YRYLRHGKL,HLA-B*08:01/HLA-B*27:05,I
75839,YSNRNRFLY,HLA-A*01:01/HLA-A*29:02/HLA-A*30:02/HLA-A*24:02/HLA-A*26:01,I
75856,YSPLFLIVAALVFLI,HLA-DRB1*01:01,II
75868,YSQLMCQPILLLDQV,HLA-DRB1*01:01,II
76120,YTMADLVYA,HLA-A*02:01/HLA-A*02:02/HLA-A*02:03/HLA-A*02:06/HLA-A*68:02,I
76266,YVFCTVNAL,HLA-A*02:01/HLA-A*02:02/HLA-A*02:03/HLA-A*02:06/HLA-A*68:02,I
76274,YVFTLLFQL,HLA-A*02:01/HLA-A*02:02/HLA-A*02:03/HLA-A*02:06/HLA-A*68:02,I
76442,YVVVHGYFT,HLA-A*02:02/HLA-A*02:06/HLA-A*68:02/HLA-A*02:01/HLA-A*02:03,I
76574,YYQLESTQI,HLA-A*24:02/HLA-A*23:01/HLA-A*29:02,I
7829,DDMIAAYTAALVSGT,HLA-DRB1*01:01,II
7868,DDSEPVLKGVKLHYT,-N/A-/HLA-DRB1*01:01,-N/A-
7928,DEDDSEPVL,HLA-B*40:01/HLA-B*40:02,I
7972,DEEPMELDY,HLA-A*01:01/HLA-A*29:02,I
803,ADYSVLYNST,HLA-B*44:02/HLA-B*45:01,I
813,AEAAVKPLL,HLA-B*40:01/HLA-B*44:02/HLA-B*44:03/HLA-B*45:01,I
814,AEAAVKPLLA,HLA-B*44:03/HLA-B*45:01/HLA-B*40:01/HLA-B*44:02,I
8308,DFQVTIAEILIIIMR,HLA-DRB1*01:01,II
9006,DKYFKNHTSPDVDLG,HLA-DRB1*01:01,II
9241,DLPSGFNTLK,HLA-A*68:01/HLA-A*03:01/HLA-A*11:01,I
9421,DNAFNCTFEY,HLA-A*29:02/HLA-A*26:01/HLA-A*30:02/HLA-A*01:01,I
956,AEGSRGGSQA,HLA-B*45:01,I
9655,DPIYDEPTTTTSVPL,HLA-DRB1*01:01,II
9735,DPQFKDNVILLNKHI,HLA-DRB1*01:01,II
991,AEILIIIMRT,HLA-B*44:03/HLA-B*40:01/HLA-B*44:02/HLA-B*45:01,I
999,AEIRASANLA,HLA-B*45:01/HLA-B*40:01/HLA-B*44:02/HLA-B*44:03/HLA-B*40:02,I
100048,GAALQIPFAMQMAYRF,HLA-DRA*01:01/DRB1*07:01,II
100057,GFMKQYGECLGDINARDL,HLA-DRB1*04:01,II
100230,KSIVAYTMSLGADSSIAY,HLA-DRA*01:01/DRB1*07:01/HLA-DRB1*04:01,II
100300,MAYRFNGIGVTQNVLY,HLA-DRB1*04:01,II
100316,NAFNCTFEYISDAFSLDV,HLA-DRA*01:01/DRB1*07:01,II
100347,NPFFAVSKPMGTQTHTMI,HLA-DRA*01:01/DRB1*07:01,II
100428,QLIRAAEIRASANLAATK,HLA-DRB1*04:01,II
100481,RPFERDISNVPFS,HLA-DRB1*04:01,II
100537,SWFITQRNFFSPQII,-N/A-/HLA-DRB1*04:01,-N/A-
100541,TAFSPAQDIWGTSAAAYF,HLA-DRA*01:01/DRB1*07:01,II
100553,TGFHTINHTFGNPVIPFK,HLA-DRA*01:01/DRB1*07:01,II
100561,TLKPIFKLPLGINITNFR,HLA-DRA*01:01/DRB1*07:01,II
100567,TNFRAILTAFSPAQDIW,HLA-DRB1*04:01,II
100612,VKQMYKTPTLKYFGGFNF,HLA-DRB1*04:01,II
100627,VRGWVFGSTMNNKSQSVI,HLA-DRB1*04:01,II
100664,YLRHGKLRPFERDISNVP,HLA-DRB1*04:01,II
100665,YLTQDLFLPFYSNVTGFH,HLA-DRA*01:01/DRB1*07:01,II
100711,AGCLIGAEHVDTSYECDI,-N/A-,-N/A-
100778,DIPIGAGICASYHTVSLL,-N/A-,-N/A-
100879,GHLRMAGHSLGRCDI,-N/A-,-N/A-
101126,PLQASLPFGWLVIGV,-N/A-,-N/A-
1295,AFFGMSRIGMEVTPSGTW,-N/A-,-N/A-
14208,ESLTTTSTALGKLQDVV,HLA-DRB1*04:01,II
156841,AFLAVFQSATKIIAL,HLA class II,II
156880,GVKDYVVVHGYFTEV,HLA class II,II
156921,NKRWQLALYKGFQFI,HLA class II,II
156976,YFTEVYYQLESTQIT,HLA class II,II
193551,SITAQPVKI,HLA-B*58:01,I
21264,GMEVTPSGTWLTYHGAIK,-N/A-,-N/A-
26838,IKLDDKDPQFKDNVILL,-N/A-,-N/A-
28371,IRQGTDYKHWPQIAQFA,-N/A-,-N/A-
29666,IYQTSNFRVVPSGDVVRF,HLA-DRA*01:01/DRB1*07:01,II
31166,KHWPQIAQFAPSASAFF,-N/A-,-N/A-
31582,KKISNCVADYSVLYNSTF,HLA-DRB1*04:01,II
32340,KMKELSPRWYFYYLG,HLA class II,II
3324,ANKEGIVWVATEGAL,HLA class II,II
33305,KSFEIDKGIYQTSNFRVV,HLA-DRA*01:01/DRB1*07:01/HLA-DRB1*04:01,II
37611,LLNKHIDAYKTFPPTEPK,-N/A-,-N/A-
37758,LLRSTSQKSIVAYTMSL,HLA-DRA*01:01/DRB1*07:01,II
3957,AQFAPSASAFFGMSR,HLA class II,II
3958,AQFAPSASAFFGMSRIGM,-N/A-,-N/A-
41122,MASGGGETALALLLLDRLNQLESKV,-N/A-,-N/A-
43894,NFNGLTGTGVLTPSSKRF,-N/A-,-N/A-
44199,NIDATSTGNYNYKYRYLR,HLA class II,II
46681,NYNYKYRYLRHGKLRPF,-N/A-,-N/A-
48995,PQFKDNVILLNKHIDAYK,-N/A-,-N/A-
50311,QALNTLVKQLSSNFGAI,HLA-DRB1*04:01,II
51250,QKRTATKQYNVTQAF,HLA class I/HLA-B*15:25,I
532052,GTSWFITQRNFFSPQ,HLA class II,II
532115,HLRMAGHSL,HLA class I,I
533900,SSKRFQPFQQFGRDV,HLA class II,II
534068,TKQYNVTQAF,HLA class I,I
55683,RRPQGLPNNTASWFT,HLA class I,I
61598,STFFSTFKCYGVSATKL,HLA-DR8/HLA-DRA*01:01/DRB1*07:01,II
63309,TECANLLLQYGSFCTQL,HLA-DR8,II
65764,TPSGTWLTYHGAIKL,HLA class II,II
67276,TWLTYHGAIKLDDKDPQF,-N/A-,-N/A-
67277,TWLTYHGAIKLDDKDPQFKDNVILL,-N/A-,-N/A-
7065,CSQNPLAELKCSVKSFEI,HLA-DRB1*04:01,II
74517,YKTFPPTEPKKDKKKK,-N/A-,-N/A-
99899,AQKFNGLTVLPPLLTDDM,HLA-DRA*01:01/DRB1*07:01,II
99918,CTFEYISDAFSLD,HLA-DRB1*04:01,II
99926,DAFSLDVSEKSGN,HLA-DRB1*04:01,II
99995,EIFRSDTLYLTQDLFLPF,HLA-DRA*01:01/DRB1*07:01,II